ZipCodeUrban,ZipCodeRural,ZipCodeSurburban,Channel_Web,Channel_Phone,Channel_Multichannel,Discount,BOGO,NoOffer,Treated_Responded,CLTV_12_months,WHITE.HANGING.HEART.T.LIGHT.HOLDER.1,REGENCY.CAKESTAND.3.TIER.1,JUMBO.BAG.RED.RETROSPOT.1,PARTY.BUNTING.1,LUNCH.BAG.RED.RETROSPOT.1,SET.OF.3.CAKE.TINS.PANTRY.DESIGN.1,LUNCH.BAG..BLACK.SKULL..1,PACK.OF.72.RETROSPOT.CAKE.CASES.1,PAPER.CHAIN.KIT.50.S.CHRISTMAS.1,LUNCH.BAG.SPACEBOY.DESIGN.1,LUNCH.BAG.CARS.BLUE.1,LUNCH.BAG.PINK.POLKADOT.1,JAM.MAKING.SET.WITH.JARS.1,LUNCH.BAG.SUKI.DESIGN.1,LUNCH.BAG.APPLE.DESIGN.1,JAM.MAKING.SET.PRINTED.1,LUNCH.BAG.WOODLAND.1,JUMBO.STORAGE.BAG.SUKI.1
1,0,0,1,0,0,1,0,0,0,15174129.22,0.31,0.76,0.23,0.32,0.46,0.3,0.69,0.25,0.26,0.42,0.47,0.64,0.25,0.64,0.39,0.25,0.51,0.36
0,0,1,0,1,0,1,0,0,0,1310220.457,0.35,0.3,0.35,0.28,0.78,0.28,0.75,0.37,0.25,0.38,0.6,0.64,0.38,0.64,0.34,0.35,0.34,0.36
1,0,0,0,1,0,0,0,1,0,0,0.37,0.41,0.35,0.28,0.78,0.3,0.75,0.31,0.31,0.38,0.6,0.64,0.3,0.64,0.34,0.34,0.34,0.36
0,1,0,0,0,1,1,0,0,0,2458594.857,0.37,0.41,0.29,0.32,0.78,0.3,0.29,0.32,0.31,0.32,0.28,0.38,0.38,0.29,0.32,0.35,0.51,0.36
0,0,1,1,0,0,0,1,0,0,2826547.954,0.54,0.33,0.34,0.31,0.32,0.56,0.23,0.32,0.29,0.42,0.23,0.64,0.5,0.64,0.39,0.34,0.51,0.36
1,0,0,0,1,0,0,0,1,0,0,0.53,0.4,0.3,0.32,0.78,0.56,0.29,0.37,0.39,0.32,0.28,0.38,0.39,0.29,0.32,0.49,0.51,0.36
1,0,0,0,1,0,1,0,0,0,0,0.37,0.41,0.29,0.32,0.24,0.3,0.23,0.32,0.31,0.42,0.23,0.64,0.38,0.64,0.39,0.35,0.51,0.36
1,0,0,0,1,0,0,1,0,0,1404824.437,0.37,0.41,0.35,0.28,0.78,0.3,0.75,0.31,0.31,0.38,0.6,0.64,0.3,0.64,0.34,0.34,0.34,0.36
0,0,1,0,1,0,0,0,1,0,0,0.37,0.41,0.35,0.28,0.78,0.3,0.75,0.37,0.31,0.38,0.6,0.64,0.25,0.64,0.34,0.25,0.34,0.36
0,0,1,0,0,1,0,1,0,1,320177.9116,0.53,0.33,0.34,0.31,0.32,0.43,0.69,0.41,0.29,0.42,0.47,0.64,0.41,0.64,0.39,0.43,0.51,0.36
0,1,0,0,0,1,1,0,0,0,1246415.964,0.38,0.32,0.42,0.3,0.82,0.44,0.75,0.37,0.39,0.43,0.78,0.71,0.3,0.76,0.63,0.49,0.66,0.36
1,0,0,1,0,0,0,1,0,1,1859465.493,0.53,0.33,0.23,0.32,0.46,0.3,0.69,0.25,0.26,0.42,0.47,0.64,0.25,0.64,0.39,0.25,0.51,0.36
0,0,1,1,0,0,1,0,0,1,489989.7897,0.53,0.4,0.28,0.28,0.24,0.42,0.23,0.42,0.35,0.42,0.23,0.64,0.5,0.64,0.39,0.26,0.51,0.36
1,0,0,1,0,0,1,0,0,1,0,0.43,0.4,0.49,0.28,0.82,0.43,0.69,0.41,0.39,0.46,0.71,0.68,0.41,0.69,0.39,0.43,0.68,0.36
1,0,0,0,1,0,0,0,1,0,448045.2504,0.37,0.33,0.45,0.3,0.46,0.31,0.81,0.32,0.31,0.49,0.47,0.71,0.3,0.64,0.44,0.34,0.51,0.36
1,0,0,1,0,0,0,0,1,0,0,0.37,0.41,0.35,0.28,0.78,0.3,0.75,0.37,0.31,0.38,0.6,0.64,0.25,0.64,0.34,0.25,0.34,0.36
0,0,1,1,0,0,0,1,0,1,1716233.49,0.46,0.31,0.34,0.28,0.46,0.56,0.69,0.26,0.31,0.42,0.47,0.64,0.39,0.64,0.39,0.26,0.51,0.36
1,0,0,1,0,0,1,0,0,0,2823563.799,0.34,0.37,0.23,0.3,0.78,0.28,0.29,0.33,0.26,0.32,0.28,0.38,0.25,0.29,0.32,0.25,0.51,0.36
0,0,1,1,0,0,0,1,0,1,0,0.34,0.41,0.23,0.28,0.78,0.3,0.29,0.31,0.26,0.32,0.28,0.38,0.25,0.29,0.32,0.25,0.51,0.36
0,0,1,0,1,0,0,1,0,1,0,0.38,0.41,0.6,0.28,0.48,0.3,0.75,0.37,0.31,0.43,0.63,0.72,0.3,0.41,0.39,0.34,0.39,0.36
1,0,0,0,0,1,0,1,0,0,0,0.37,0.41,0.29,0.3,0.78,0.3,0.75,0.31,0.31,0.32,0.6,0.38,0.3,0.64,0.34,0.34,0.51,0.36
0,0,1,1,0,0,0,0,1,0,2870779.848,0.38,0.3,0.34,0.31,0.32,0.31,0.29,0.33,0.25,0.43,0.63,0.72,0.3,0.41,0.39,0.34,0.39,0.36
0,0,1,1,0,0,0,1,0,0,5176558.117,0.29,0.33,0.34,0.31,0.32,0.31,0.75,0.37,0.29,0.43,0.63,0.72,0.28,0.41,0.39,0.34,0.39,0.36
1,0,0,0,1,0,1,0,0,0,2121249.609,0.53,0.36,0.31,0.51,0.31,0.34,0.75,0.32,0.33,0.38,0.6,0.64,0.3,0.64,0.34,0.34,0.34,0.36
1,0,0,1,0,0,1,0,0,0,470256.3365,0.27,0.31,0.42,0.28,0.82,0.3,0.75,0.26,0.28,0.42,0.78,0.71,0.28,0.76,0.63,0.26,0.66,0.36
0,0,1,0,1,0,0,1,0,0,0,0.53,0.36,0.62,0.51,0.45,0.56,0.81,0.32,0.33,0.49,0.47,0.71,0.39,0.64,0.44,0.26,0.51,0.36
1,0,0,0,1,0,0,1,0,1,0,0.46,0.32,0.49,0.51,0.82,0.34,0.69,0.32,0.33,0.46,0.71,0.68,0.28,0.69,0.39,0.26,0.68,0.36
1,0,0,0,1,0,0,1,0,0,0,0.53,0.33,0.45,0.3,0.46,0.31,0.81,0.32,0.31,0.49,0.47,0.71,0.3,0.64,0.44,0.34,0.51,0.36
0,1,0,0,1,0,1,0,0,0,0,0.29,0.4,0.34,0.31,0.32,0.42,0.69,0.42,0.35,0.42,0.47,0.64,0.5,0.64,0.39,0.34,0.51,0.36
0,0,1,0,1,0,0,1,0,0,0,0.34,0.4,0.34,0.28,0.78,0.56,0.29,0.37,0.39,0.32,0.28,0.38,0.39,0.29,0.32,0.49,0.51,0.36
0,0,1,0,1,0,0,0,1,0,982076.7861,0.34,0.76,0.31,0.51,0.31,0.43,0.69,0.41,0.33,0.42,0.47,0.64,0.41,0.64,0.39,0.43,0.51,0.36
1,0,0,1,0,0,0,0,1,0,0,0.34,0.37,0.35,0.3,0.78,0.28,0.75,0.37,0.28,0.38,0.6,0.64,0.3,0.64,0.34,0.34,0.34,0.36
0,0,1,0,1,0,0,0,1,0,0,0.34,0.37,0.23,0.3,0.78,0.28,0.29,0.33,0.26,0.32,0.28,0.38,0.25,0.29,0.32,0.25,0.51,0.36
0,1,0,1,0,0,1,0,0,0,0,0.46,0.41,0.3,0.32,0.24,0.3,0.81,0.32,0.28,0.49,0.47,0.64,0.38,0.64,0.39,0.35,0.51,0.36
1,0,0,1,0,0,0,0,1,0,547027.9325,0.27,0.31,0.42,0.28,0.82,0.3,0.75,0.26,0.31,0.43,0.78,0.71,0.28,0.76,0.63,0.26,0.66,0.36
1,0,0,1,0,0,0,0,1,0,921463.1819,0.35,0.32,0.7,0.3,0.46,0.3,0.75,0.37,0.28,0.38,0.6,0.64,0.25,0.64,0.34,0.25,0.34,0.36
1,0,0,0,1,0,0,1,0,1,1001439.633,0.46,0.41,0.29,0.28,0.8,0.3,0.71,0.31,0.31,0.51,0.47,0.38,0.3,0.29,0.47,0.34,0.51,0.36
0,0,1,1,0,0,1,0,0,0,3334507.823,0.38,0.41,0.6,0.51,0.31,0.34,0.75,0.37,0.31,0.43,0.63,0.72,0.3,0.41,0.39,0.34,0.39,0.36
1,0,0,1,0,0,0,1,0,1,0,0.34,0.37,0.35,0.3,0.78,0.28,0.75,0.37,0.28,0.38,0.6,0.64,0.3,0.64,0.34,0.34,0.34,0.36
0,1,0,0,1,0,0,1,0,0,0,0.37,0.32,0.34,0.3,0.46,0.42,0.69,0.42,0.35,0.42,0.47,0.64,0.5,0.64,0.39,0.43,0.51,0.36
1,0,0,1,0,0,0,1,0,0,392096.7525,0.43,0.33,0.34,0.31,0.32,0.31,0.29,0.33,0.29,0.32,0.28,0.38,0.3,0.29,0.32,0.34,0.51,0.36
0,1,0,1,0,0,0,0,1,0,0,0.43,0.76,0.23,0.28,0.46,0.56,0.69,0.26,0.28,0.42,0.47,0.64,0.39,0.64,0.39,0.26,0.51,0.36
0,0,1,1,0,0,0,1,0,1,989667.3818,0.34,0.41,0.23,0.28,0.78,0.3,0.29,0.31,0.26,0.32,0.28,0.38,0.25,0.29,0.32,0.25,0.51,0.36
0,0,1,0,1,0,0,0,1,0,398318.7207,0.34,0.31,0.3,0.28,0.78,0.28,0.29,0.26,0.25,0.32,0.28,0.38,0.28,0.29,0.32,0.26,0.51,0.36
0,0,1,0,1,0,1,0,0,0,1638718.516,0.34,0.33,0.34,0.31,0.32,0.31,0.75,0.32,0.29,0.38,0.6,0.64,0.3,0.64,0.34,0.34,0.34,0.36
0,0,1,0,1,0,1,0,0,0,590596.1606,0.38,0.41,0.59,0.32,0.67,0.31,0.59,0.32,0.31,0.42,0.78,0.83,0.38,0.74,0.4,0.35,0.6,0.36
0,1,0,1,0,0,0,0,1,0,3246799.257,0.29,0.33,0.55,0.31,0.43,0.31,0.52,0.33,0.29,0.45,0.41,0.38,0.3,0.43,0.41,0.34,0.47,0.36
1,0,0,1,0,0,0,0,1,0,0,0.34,0.3,0.23,0.28,0.78,0.28,0.75,0.33,0.26,0.32,0.6,0.38,0.25,0.64,0.34,0.25,0.51,0.36
1,0,0,1,0,0,1,0,0,0,0,0.35,0.3,0.35,0.32,0.78,0.28,0.75,0.32,0.26,0.38,0.6,0.64,0.38,0.64,0.34,0.35,0.34,0.36
1,0,0,0,1,0,0,1,0,0,0,0.29,0.4,0.34,0.31,0.32,0.44,0.29,0.37,0.39,0.32,0.28,0.38,0.3,0.29,0.32,0.49,0.68,0.36
1,0,0,0,0,1,0,1,0,0,65961.66491,0.46,0.33,0.31,0.51,0.31,0.34,0.75,0.32,0.33,0.38,0.6,0.64,0.28,0.64,0.34,0.49,0.34,0.36
1,0,0,0,1,0,1,0,0,0,789547.3131,0.27,0.31,0.6,0.28,0.48,0.28,0.75,0.26,0.31,0.43,0.78,0.72,0.28,0.76,0.39,0.26,0.66,0.36
0,1,0,1,0,0,0,1,0,0,5210.860377,0.35,0.3,0.35,0.28,0.48,0.28,0.75,0.37,0.25,0.38,0.63,0.72,0.3,0.41,0.34,0.34,0.34,0.36
1,0,0,0,1,0,0,0,1,0,0,0.35,0.3,0.35,0.28,0.78,0.28,0.75,0.37,0.25,0.38,0.78,0.71,0.3,0.76,0.34,0.34,0.66,0.36
0,0,1,0,1,0,0,1,0,0,1197734.172,0.34,0.31,0.3,0.28,0.78,0.28,0.29,0.26,0.25,0.32,0.28,0.38,0.28,0.29,0.32,0.26,0.51,0.36
0,1,0,1,0,0,0,0,1,0,414726.3573,0.27,0.31,0.6,0.28,0.48,0.28,0.75,0.26,0.31,0.43,0.78,0.72,0.28,0.76,0.39,0.26,0.66,0.36
0,0,1,0,1,0,1,0,0,0,1606814.426,0.38,0.33,0.45,0.3,0.46,0.31,0.81,0.37,0.31,0.49,0.47,0.71,0.3,0.69,0.44,0.34,0.68,0.36
0,1,0,0,0,1,0,1,0,1,0,0.34,0.36,0.42,0.51,0.67,0.34,0.59,0.32,0.33,0.38,0.78,0.83,0.3,0.76,0.63,0.34,0.66,0.36
0,0,1,1,0,0,1,0,0,0,747229.3659,0.29,0.33,0.34,0.28,0.32,0.31,0.75,0.26,0.29,0.38,0.6,0.64,0.28,0.64,0.34,0.26,0.34,0.36
1,0,0,1,0,0,0,1,0,0,2814805.349,0.38,0.36,0.59,0.51,0.67,0.34,0.81,0.32,0.33,0.49,0.47,0.83,0.3,0.74,0.4,0.34,0.6,0.36
0,0,1,0,0,1,1,0,0,0,0,0.34,0.3,0.23,0.28,0.78,0.28,0.75,0.33,0.26,0.32,0.6,0.38,0.25,0.64,0.34,0.25,0.51,0.36
0,0,1,1,0,0,1,0,0,0,0,0.46,0.33,0.31,0.51,0.31,0.34,0.69,0.32,0.33,0.42,0.47,0.64,0.3,0.64,0.39,0.49,0.51,0.36
1,0,0,0,1,0,0,1,0,0,0,0.37,0.41,0.35,0.3,0.24,0.3,0.75,0.31,0.31,0.38,0.6,0.64,0.25,0.64,0.34,0.25,0.34,0.36
0,1,0,0,0,1,0,1,0,1,723200.0058,0.29,0.33,0.34,0.31,0.32,0.31,0.29,0.33,0.29,0.32,0.28,0.38,0.28,0.29,0.32,0.34,0.51,0.36
0,0,1,1,0,0,0,0,1,0,1432761.766,0.34,0.32,0.7,0.51,0.31,0.34,0.29,0.32,0.33,0.32,0.28,0.38,0.28,0.29,0.32,0.26,0.51,0.36
0,0,1,0,1,0,0,0,1,0,1247990.316,0.27,0.76,0.29,0.28,0.46,0.3,0.69,0.26,0.31,0.42,0.47,0.64,0.28,0.64,0.39,0.26,0.51,0.36
0,0,1,1,0,0,1,0,0,0,0,0.27,0.31,0.34,0.28,0.32,0.31,0.23,0.26,0.29,0.42,0.23,0.64,0.28,0.64,0.39,0.26,0.51,0.36
1,0,0,0,1,0,0,1,0,0,791738.1415,0.38,0.3,0.59,0.28,0.67,0.28,0.59,0.33,0.25,0.42,0.63,0.83,0.3,0.74,0.4,0.34,0.6,0.36
0,1,0,0,1,0,1,0,0,0,549765.0098,0.34,0.41,0.3,0.28,0.46,0.3,0.75,0.26,0.31,0.38,0.6,0.64,0.28,0.64,0.34,0.26,0.34,0.36
1,0,0,0,1,0,1,0,0,0,260054.9596,0.34,0.37,0.23,0.3,0.78,0.28,0.29,0.33,0.26,0.32,0.28,0.38,0.25,0.29,0.32,0.25,0.51,0.36
0,0,1,1,0,0,1,0,0,0,0,0.43,0.33,0.31,0.51,0.43,0.34,0.52,0.32,0.33,0.45,0.41,0.72,0.28,0.43,0.41,0.26,0.47,0.36
1,0,0,1,0,0,0,1,0,0,556819.5917,0.27,0.31,0.29,0.28,0.24,0.3,0.23,0.26,0.31,0.42,0.23,0.64,0.28,0.64,0.39,0.26,0.51,0.36
0,1,0,0,1,0,1,0,0,0,0,0.34,0.37,0.23,0.3,0.78,0.28,0.29,0.33,0.26,0.32,0.28,0.38,0.25,0.29,0.32,0.25,0.51,0.36
1,0,0,0,1,0,0,0,1,0,12744420.41,0.34,0.37,0.23,0.3,0.78,0.28,0.29,0.33,0.26,0.32,0.28,0.38,0.25,0.29,0.32,0.25,0.51,0.36
1,0,0,1,0,0,1,0,0,0,590195.5396,0.38,0.3,0.42,0.28,0.82,0.28,0.81,0.37,0.31,0.49,0.47,0.71,0.3,0.76,0.63,0.34,0.66,0.36
0,0,1,0,0,1,1,0,0,0,774159.4376,0.53,0.4,0.28,0.3,0.24,0.42,0.23,0.42,0.35,0.42,0.23,0.64,0.5,0.64,0.39,0.49,0.51,0.36
1,0,0,0,0,1,0,0,1,0,2265992.683,0.46,0.31,0.34,0.28,0.32,0.43,0.69,0.41,0.29,0.42,0.47,0.64,0.41,0.64,0.39,0.43,0.51,0.36
0,0,1,1,0,0,1,0,0,0,3159770.598,0.29,0.4,0.34,0.31,0.32,0.42,0.69,0.42,0.35,0.42,0.47,0.64,0.5,0.64,0.39,0.43,0.51,0.36
0,1,0,0,1,0,0,1,0,0,2128463.111,0.27,0.32,0.62,0.28,0.45,0.31,0.29,0.26,0.29,0.32,0.28,0.38,0.28,0.29,0.32,0.26,0.51,0.36
1,0,0,0,0,1,0,1,0,0,1019375.452,0.43,0.76,0.34,0.31,0.32,0.42,0.69,0.42,0.35,0.42,0.47,0.64,0.5,0.64,0.39,0.34,0.51,0.36
0,1,0,0,1,0,0,0,1,0,1535534.538,0.38,0.41,0.31,0.51,0.31,0.34,0.23,0.32,0.33,0.43,0.63,0.72,0.38,0.41,0.39,0.35,0.39,0.36
0,0,1,0,0,1,0,1,0,0,2163997.469,0.37,0.41,0.29,0.32,0.78,0.3,0.29,0.32,0.31,0.32,0.28,0.38,0.38,0.29,0.32,0.35,0.51,0.36
0,0,1,0,0,1,0,0,1,0,0,0.43,0.76,0.31,0.51,0.31,0.34,0.69,0.32,0.33,0.42,0.47,0.64,0.25,0.64,0.39,0.25,0.51,0.36
0,0,1,0,1,0,1,0,0,0,1613838.47,0.34,0.41,0.3,0.32,0.46,0.3,0.75,0.32,0.31,0.38,0.63,0.64,0.38,0.64,0.34,0.35,0.34,0.36
1,0,0,1,0,0,1,0,0,0,0,0.35,0.3,0.34,0.28,0.32,0.31,0.75,0.37,0.26,0.38,0.6,0.64,0.3,0.64,0.34,0.34,0.34,0.36
1,0,0,0,1,0,1,0,0,0,3455718.611,0.29,0.4,0.34,0.31,0.32,0.43,0.69,0.41,0.39,0.42,0.47,0.64,0.41,0.64,0.39,0.43,0.51,0.36
0,0,1,1,0,0,0,0,1,0,2380740.377,0.38,0.41,0.6,0.32,0.48,0.3,0.75,0.32,0.28,0.43,0.63,0.72,0.38,0.41,0.39,0.35,0.39,0.36
0,1,0,0,1,0,0,1,0,1,2384379.331,0.34,0.37,0.23,0.3,0.78,0.28,0.29,0.33,0.26,0.32,0.28,0.38,0.25,0.29,0.32,0.25,0.51,0.36
1,0,0,1,0,0,0,1,0,0,0,0.35,0.41,0.35,0.32,0.24,0.3,0.75,0.37,0.31,0.38,0.6,0.64,0.25,0.64,0.34,0.25,0.34,0.36
1,0,0,0,1,0,0,1,0,0,1476666.942,0.34,0.4,0.49,0.28,0.82,0.42,0.69,0.42,0.35,0.46,0.71,0.68,0.5,0.69,0.32,0.43,0.68,0.36
0,0,1,0,1,0,1,0,0,0,0,0.34,0.41,0.3,0.32,0.24,0.3,0.23,0.32,0.31,0.42,0.78,0.64,0.38,0.76,0.39,0.35,0.66,0.36
0,0,1,0,0,1,0,1,0,0,762773.4828,0.34,0.4,0.31,0.51,0.31,0.42,0.69,0.42,0.39,0.42,0.47,0.64,0.5,0.64,0.39,0.49,0.51,0.36
1,0,0,0,0,1,1,0,0,1,3509230.345,0.43,0.33,0.31,0.51,0.31,0.34,0.69,0.32,0.33,0.42,0.47,0.64,0.28,0.64,0.39,0.26,0.51,0.36
0,0,1,1,0,0,0,0,1,0,324798.8489,0.5,0.32,0.34,0.3,0.46,0.31,0.69,0.32,0.31,0.42,0.47,0.64,0.3,0.64,0.39,0.34,0.51,0.36
0,0,1,1,0,0,0,1,0,0,1289788.381,0.29,0.33,0.34,0.31,0.32,0.31,0.75,0.37,0.29,0.43,0.63,0.72,0.3,0.41,0.39,0.34,0.39,0.36
0,0,1,1,0,0,0,1,0,0,2496673.01,0.53,0.32,0.3,0.32,0.24,0.42,0.23,0.42,0.35,0.42,0.23,0.64,0.5,0.64,0.39,0.35,0.51,0.36
1,0,0,1,0,0,0,1,0,0,802674.0001,0.27,0.31,0.29,0.28,0.24,0.3,0.23,0.26,0.31,0.42,0.23,0.64,0.28,0.64,0.39,0.26,0.51,0.36
1,0,0,1,0,0,0,1,0,1,1005657.957,0.38,0.41,0.6,0.3,0.48,0.3,0.75,0.37,0.31,0.43,0.78,0.71,0.3,0.76,0.39,0.34,0.66,0.36
0,0,1,0,1,0,0,1,0,1,258669.1374,0.27,0.31,0.29,0.51,0.31,0.34,0.23,0.32,0.31,0.42,0.23,0.64,0.28,0.64,0.39,0.26,0.51,0.36
0,0,1,1,0,0,0,0,1,0,0,0.34,0.41,0.3,0.32,0.78,0.3,0.75,0.32,0.31,0.38,0.6,0.64,0.28,0.64,0.34,0.26,0.34,0.36
1,0,0,0,1,0,0,0,1,0,0,0.46,0.3,0.78,0.28,0.78,0.28,0.29,0.33,0.26,0.32,0.28,0.38,0.25,0.29,0.32,0.25,0.51,0.36
1,0,0,1,0,0,0,1,0,1,0,0.34,0.41,0.3,0.32,0.24,0.3,0.75,0.32,0.31,0.38,0.63,0.72,0.38,0.41,0.34,0.35,0.34,0.36
0,0,1,0,1,0,1,0,0,1,465778.5378,0.37,0.41,0.29,0.32,0.78,0.3,0.29,0.32,0.31,0.32,0.28,0.38,0.38,0.29,0.32,0.35,0.51,0.36
0,1,0,1,0,0,0,0,1,0,1828176.717,0.31,0.76,0.23,0.32,0.46,0.3,0.69,0.25,0.26,0.42,0.47,0.64,0.25,0.64,0.39,0.25,0.51,0.36
0,1,0,1,0,0,1,0,0,0,643147.3334,0.34,0.36,0.31,0.51,0.31,0.34,0.69,0.32,0.33,0.42,0.47,0.64,0.3,0.64,0.39,0.34,0.51,0.36
0,0,1,0,1,0,0,1,0,0,0,0.29,0.32,0.34,0.31,0.32,0.56,0.69,0.41,0.29,0.42,0.47,0.64,0.39,0.64,0.39,0.43,0.51,0.36
1,0,0,1,0,0,0,0,1,0,1690880.496,0.38,0.32,0.59,0.3,0.67,0.31,0.59,0.37,0.31,0.42,0.78,0.83,0.3,0.74,0.4,0.34,0.6,0.36
0,1,0,1,0,0,0,1,0,0,936283.4679,0.34,0.3,0.34,0.28,0.78,0.28,0.29,0.33,0.31,0.32,0.28,0.38,0.3,0.29,0.32,0.34,0.51,0.36
0,1,0,1,0,0,0,1,0,0,786729.1358,0.29,0.4,0.62,0.31,0.45,0.42,0.69,0.42,0.35,0.46,0.71,0.68,0.5,0.69,0.39,0.43,0.68,0.36
1,0,0,0,1,0,1,0,0,0,0,0.34,0.4,0.3,0.32,0.24,0.56,0.23,0.37,0.39,0.42,0.23,0.64,0.39,0.64,0.39,0.49,0.51,0.36
1,0,0,0,0,1,1,0,0,0,705037.4722,0.37,0.33,0.78,0.3,0.51,0.31,0.69,0.32,0.31,0.42,0.47,0.52,0.3,0.64,0.39,0.34,0.51,0.36
1,0,0,0,1,0,0,1,0,1,1557369.662,0.35,0.32,0.78,0.3,0.51,0.42,0.75,0.42,0.35,0.38,0.6,0.52,0.5,0.64,0.34,0.43,0.34,0.36
1,0,0,1,0,0,1,0,0,0,629338.3719,0.37,0.33,0.62,0.3,0.45,0.31,0.69,0.32,0.31,0.42,0.47,0.64,0.3,0.64,0.39,0.34,0.51,0.36
1,0,0,1,0,0,0,0,1,0,1436738.821,0.31,0.4,0.23,0.32,0.46,0.42,0.69,0.42,0.35,0.42,0.47,0.64,0.5,0.64,0.39,0.25,0.51,0.36
0,0,1,0,1,0,0,1,0,0,2259625.105,0.34,0.3,0.34,0.28,0.78,0.28,0.29,0.33,0.31,0.32,0.28,0.38,0.3,0.29,0.32,0.34,0.51,0.36
0,0,1,0,0,1,0,1,0,0,325909.7507,0.38,0.33,0.59,0.3,0.8,0.31,0.71,0.32,0.31,0.51,0.47,0.53,0.3,0.54,0.47,0.34,0.6,0.36
1,0,0,0,1,0,0,1,0,0,361054.1614,0.46,0.32,0.49,0.28,0.8,0.28,0.71,0.33,0.31,0.51,0.47,0.53,0.3,0.54,0.47,0.34,0.68,0.36
0,0,1,0,1,0,0,0,1,0,674900.338,0.29,0.33,0.34,0.31,0.32,0.31,0.69,0.31,0.29,0.42,0.47,0.64,0.3,0.64,0.39,0.34,0.51,0.36
0,0,1,1,0,0,0,0,1,0,1052316.827,0.37,0.33,0.34,0.3,0.46,0.43,0.69,0.41,0.31,0.42,0.47,0.64,0.41,0.64,0.39,0.43,0.51,0.36
1,0,0,1,0,0,1,0,0,1,314364.1075,0.37,0.32,0.34,0.3,0.46,0.31,0.69,0.32,0.31,0.42,0.47,0.64,0.3,0.64,0.39,0.34,0.51,0.36
0,0,1,1,0,0,1,0,0,0,1620288.454,0.38,0.33,0.49,0.3,0.82,0.31,0.71,0.37,0.31,0.51,0.47,0.68,0.3,0.69,0.47,0.34,0.68,0.36
1,0,0,1,0,0,1,0,0,0,1592964.755,0.5,0.37,0.62,0.3,0.51,0.28,0.29,0.33,0.28,0.32,0.28,0.52,0.3,0.29,0.32,0.34,0.51,0.36
1,0,0,1,0,0,0,1,0,0,2795737.733,0.29,0.32,0.34,0.31,0.32,0.31,0.69,0.32,0.29,0.42,0.47,0.64,0.3,0.64,0.39,0.34,0.51,0.36
0,0,1,0,1,0,1,0,0,0,3166651.433,0.29,0.4,0.34,0.31,0.32,0.44,0.23,0.37,0.39,0.42,0.23,0.64,0.3,0.64,0.39,0.49,0.51,0.36
1,0,0,0,1,0,0,0,1,0,711582.9693,0.5,0.37,0.34,0.3,0.46,0.31,0.69,0.32,0.28,0.42,0.47,0.64,0.3,0.64,0.39,0.34,0.51,0.36
0,0,1,1,0,0,0,0,1,0,1553073.042,0.27,0.31,0.28,0.28,0.24,0.26,0.23,0.26,0.25,0.42,0.23,0.64,0.28,0.64,0.39,0.26,0.51,0.36
1,0,0,0,1,0,0,0,1,0,3346256.354,0.38,0.31,0.59,0.28,0.67,0.31,0.52,0.26,0.29,0.45,0.41,0.83,0.28,0.43,0.41,0.26,0.6,0.36
0,1,0,0,1,0,0,1,0,0,543667.3621,0.34,0.41,0.3,0.32,0.46,0.31,0.69,0.32,0.31,0.42,0.47,0.64,0.38,0.64,0.39,0.35,0.51,0.36
0,0,1,0,1,0,1,0,0,1,872675.2162,0.37,0.76,0.34,0.3,0.46,0.31,0.69,0.32,0.31,0.42,0.47,0.64,0.3,0.64,0.39,0.34,0.51,0.36
1,0,0,1,0,0,0,1,0,0,670472.6111,0.34,0.41,0.3,0.32,0.46,0.31,0.69,0.32,0.31,0.42,0.47,0.64,0.38,0.64,0.39,0.35,0.51,0.36
0,1,0,0,1,0,0,1,0,0,1528103.337,0.37,0.32,0.34,0.3,0.46,0.31,0.69,0.32,0.31,0.42,0.47,0.64,0.3,0.64,0.39,0.34,0.51,0.36
0,0,1,1,0,0,1,0,0,1,125824.6701,0.46,0.33,0.62,0.28,0.45,0.28,0.29,0.26,0.28,0.32,0.28,0.38,0.28,0.29,0.32,0.26,0.51,0.36
1,0,0,0,1,0,0,0,1,0,932638.739,0.34,0.32,0.34,0.28,0.78,0.28,0.29,0.33,0.31,0.32,0.28,0.38,0.3,0.29,0.32,0.34,0.51,0.36
1,0,0,0,1,0,0,1,0,0,2307517.32,0.34,0.36,0.31,0.51,0.31,0.34,0.75,0.32,0.33,0.38,0.6,0.64,0.3,0.64,0.34,0.34,0.34,0.36
1,0,0,1,0,0,0,0,1,0,3061114.32,0.34,0.3,0.7,0.28,0.78,0.28,0.29,0.33,0.31,0.32,0.28,0.38,0.3,0.29,0.32,0.34,0.51,0.36
1,0,0,1,0,0,0,1,0,0,711212.4682,0.34,0.76,0.7,0.32,0.82,0.3,0.75,0.32,0.28,0.42,0.78,0.71,0.38,0.76,0.63,0.35,0.66,0.36
0,0,1,0,1,0,0,0,1,0,0,0.27,0.76,0.34,0.28,0.32,0.31,0.69,0.26,0.29,0.42,0.47,0.64,0.28,0.64,0.39,0.26,0.51,0.36
1,0,0,0,1,0,0,0,1,0,537458.4253,0.37,0.32,0.34,0.3,0.8,0.31,0.71,0.32,0.31,0.51,0.47,0.53,0.3,0.54,0.47,0.34,0.51,0.36
1,0,0,0,0,1,1,0,0,0,1346141.578,0.38,0.32,0.62,0.51,0.45,0.43,0.59,0.41,0.39,0.42,0.47,0.83,0.41,0.74,0.4,0.43,0.6,0.36
1,0,0,0,1,0,1,0,0,0,181733.0234,0.38,0.33,0.6,0.3,0.48,0.31,0.69,0.32,0.31,0.43,0.63,0.72,0.3,0.41,0.39,0.34,0.39,0.36
1,0,0,0,0,1,0,0,1,0,223127.347,0.34,0.4,0.3,0.32,0.46,0.56,0.69,0.41,0.39,0.42,0.47,0.64,0.39,0.64,0.39,0.43,0.51,0.36
0,1,0,1,0,0,0,0,1,0,201814.9977,0.35,0.3,0.34,0.28,0.32,0.31,0.75,0.37,0.26,0.38,0.6,0.64,0.3,0.64,0.34,0.34,0.34,0.36
0,1,0,0,1,0,0,0,1,0,407206.8389,0.37,0.33,0.34,0.3,0.46,0.56,0.69,0.32,0.31,0.42,0.47,0.64,0.39,0.64,0.39,0.34,0.51,0.36
0,1,0,0,0,1,1,0,0,1,1554820.196,0.5,0.33,0.34,0.3,0.46,0.31,0.69,0.32,0.31,0.42,0.47,0.64,0.3,0.64,0.39,0.34,0.51,0.36
0,1,0,1,0,0,0,0,1,0,785283.2842,0.37,0.4,0.28,0.3,0.24,0.42,0.23,0.42,0.35,0.42,0.23,0.64,0.5,0.64,0.39,0.34,0.51,0.36
1,0,0,0,1,0,0,0,1,0,0,0.37,0.32,0.34,0.3,0.46,0.43,0.69,0.41,0.31,0.42,0.47,0.64,0.41,0.64,0.39,0.43,0.51,0.36
1,0,0,0,1,0,1,0,0,1,6858452.543,0.34,0.3,0.78,0.28,0.51,0.28,0.29,0.33,0.25,0.32,0.28,0.52,0.3,0.29,0.32,0.34,0.51,0.36
1,0,0,0,1,0,0,1,0,0,518176.6789,0.27,0.32,0.45,0.28,0.8,0.31,0.71,0.26,0.31,0.51,0.47,0.53,0.28,0.54,0.47,0.26,0.51,0.36
0,0,1,0,1,0,0,1,0,0,0,0.31,0.33,0.23,0.32,0.46,0.3,0.69,0.25,0.26,0.42,0.47,0.64,0.25,0.64,0.39,0.25,0.51,0.36
1,0,0,0,1,0,0,0,1,0,115175.1163,0.38,0.3,0.42,0.28,0.67,0.28,0.59,0.37,0.31,0.43,0.78,0.83,0.3,0.76,0.63,0.34,0.66,0.36
0,1,0,0,1,0,0,0,1,0,310612.3845,0.27,0.31,0.34,0.28,0.46,0.31,0.69,0.26,0.31,0.42,0.47,0.64,0.28,0.64,0.39,0.26,0.51,0.36
1,0,0,0,1,0,1,0,0,0,622754.191,0.29,0.33,0.34,0.31,0.32,0.56,0.69,0.32,0.29,0.42,0.47,0.64,0.39,0.64,0.39,0.34,0.51,0.36
1,0,0,0,1,0,0,0,1,0,875117.9009,0.37,0.32,0.34,0.3,0.46,0.31,0.69,0.32,0.31,0.42,0.47,0.64,0.3,0.64,0.39,0.34,0.51,0.36
1,0,0,0,1,0,0,0,1,0,0,0.46,0.31,0.34,0.28,0.32,0.43,0.29,0.41,0.29,0.32,0.28,0.38,0.41,0.29,0.32,0.43,0.51,0.36
0,1,0,0,0,1,0,1,0,0,986052.1239,0.43,0.33,0.23,0.32,0.46,0.3,0.69,0.25,0.26,0.42,0.47,0.64,0.25,0.64,0.39,0.25,0.51,0.36
0,0,1,0,1,0,0,1,0,1,719865.3219,0.43,0.33,0.34,0.3,0.46,0.31,0.69,0.32,0.31,0.42,0.47,0.64,0.3,0.64,0.39,0.34,0.51,0.36
0,1,0,0,1,0,1,0,0,0,802136.5569,0.31,0.33,0.23,0.32,0.46,0.3,0.69,0.25,0.26,0.42,0.47,0.64,0.25,0.64,0.39,0.25,0.51,0.36
0,0,1,0,1,0,1,0,0,1,141522.6874,0.37,0.33,0.28,0.3,0.24,0.26,0.23,0.24,0.25,0.42,0.23,0.64,0.3,0.64,0.39,0.34,0.51,0.36
1,0,0,0,1,0,1,0,0,0,149861.7095,0.29,0.33,0.34,0.51,0.31,0.34,0.23,0.32,0.29,0.42,0.23,0.64,0.3,0.64,0.39,0.34,0.51,0.36
0,0,1,1,0,0,0,1,0,0,1715961.954,0.34,0.4,0.62,0.28,0.45,0.42,0.29,0.42,0.35,0.32,0.28,0.52,0.5,0.29,0.32,0.49,0.51,0.36
1,0,0,0,0,1,1,0,0,0,1104944.321,0.27,0.31,0.29,0.28,0.46,0.3,0.69,0.26,0.31,0.42,0.47,0.64,0.28,0.64,0.39,0.26,0.51,0.36
0,0,1,1,0,0,0,0,1,0,509370.6109,0.27,0.31,0.23,0.28,0.82,0.28,0.75,0.26,0.28,0.32,0.78,0.71,0.28,0.76,0.63,0.26,0.66,0.36
1,0,0,0,1,0,0,0,1,0,760792.7984,0.27,0.31,0.34,0.28,0.46,0.56,0.69,0.26,0.31,0.42,0.47,0.64,0.39,0.64,0.39,0.26,0.51,0.36
1,0,0,0,1,0,1,0,0,0,712396.7954,0.31,0.32,0.42,0.32,0.82,0.42,0.75,0.42,0.35,0.42,0.78,0.71,0.5,0.76,0.63,0.25,0.66,0.36
0,0,1,0,1,0,1,0,0,0,0,0.34,0.37,0.7,0.3,0.46,0.56,0.69,0.32,0.28,0.42,0.47,0.64,0.39,0.64,0.39,0.34,0.51,0.36
0,0,1,1,0,0,0,1,0,0,113729.8365,0.46,0.33,0.31,0.51,0.31,0.44,0.69,0.37,0.33,0.42,0.47,0.64,0.3,0.64,0.39,0.49,0.51,0.36
0,0,1,0,0,1,1,0,0,0,650604.4143,0.37,0.32,0.29,0.3,0.46,0.3,0.69,0.31,0.31,0.42,0.47,0.64,0.3,0.64,0.39,0.34,0.51,0.36
0,0,1,1,0,0,1,0,0,0,766090.4986,0.34,0.32,0.31,0.51,0.31,0.34,0.69,0.32,0.33,0.42,0.47,0.64,0.3,0.64,0.39,0.34,0.51,0.36
0,0,1,0,1,0,1,0,0,0,787968.186,0.53,0.33,0.28,0.3,0.24,0.26,0.23,0.24,0.28,0.42,0.23,0.64,0.3,0.64,0.39,0.34,0.51,0.36
1,0,0,0,1,0,0,0,1,0,1054676.965,0.46,0.33,0.34,0.3,0.46,0.31,0.69,0.32,0.31,0.42,0.47,0.64,0.3,0.64,0.39,0.34,0.51,0.36
1,0,0,1,0,0,0,1,0,0,508042.4637,0.5,0.37,0.34,0.3,0.46,0.31,0.69,0.32,0.28,0.42,0.47,0.64,0.3,0.64,0.39,0.34,0.51,0.36
0,0,1,0,1,0,1,0,0,1,655594.9341,0.53,0.33,0.28,0.3,0.24,0.26,0.23,0.24,0.25,0.42,0.23,0.64,0.3,0.64,0.39,0.34,0.51,0.36
0,0,1,1,0,0,0,0,1,0,718014.0239,0.46,0.41,0.3,0.32,0.78,0.28,0.29,0.32,0.28,0.32,0.28,0.38,0.38,0.29,0.32,0.49,0.51,0.36
0,0,1,0,0,1,0,0,1,0,682411.2358,0.5,0.33,0.62,0.3,0.45,0.31,0.71,0.32,0.31,0.51,0.47,0.53,0.3,0.54,0.47,0.34,0.39,0.36
0,1,0,0,1,0,0,0,1,0,5058863.322,0.29,0.4,0.34,0.31,0.32,0.42,0.29,0.42,0.35,0.32,0.28,0.38,0.5,0.29,0.32,0.34,0.51,0.36
0,0,1,0,0,1,0,1,0,0,0,0.27,0.31,0.42,0.28,0.82,0.3,0.69,0.26,0.31,0.46,0.71,0.68,0.28,0.69,0.63,0.26,0.68,0.36
1,0,0,1,0,0,1,0,0,0,0,0.27,0.31,0.34,0.51,0.31,0.34,0.75,0.26,0.29,0.38,0.6,0.64,0.28,0.64,0.34,0.26,0.34,0.36
0,0,1,0,1,0,0,1,0,1,413672.8444,0.53,0.33,0.23,0.32,0.24,0.56,0.23,0.25,0.26,0.42,0.23,0.64,0.39,0.64,0.39,0.25,0.51,0.36
0,1,0,0,1,0,1,0,0,0,757617.1485,0.46,0.33,0.3,0.32,0.46,0.31,0.69,0.32,0.31,0.42,0.47,0.64,0.38,0.64,0.39,0.35,0.51,0.36
0,0,1,0,0,1,0,0,1,0,408153.5735,0.43,0.33,0.42,0.32,0.82,0.56,0.75,0.32,0.28,0.42,0.78,0.71,0.39,0.76,0.63,0.35,0.66,0.36
1,0,0,1,0,0,1,0,0,0,816592.7843,0.38,0.37,0.6,0.3,0.43,0.26,0.52,0.37,0.28,0.45,0.41,0.72,0.3,0.43,0.41,0.34,0.47,0.36
1,0,0,0,1,0,0,1,0,1,55451.74275,0.37,0.41,0.29,0.3,0.46,0.3,0.69,0.31,0.31,0.42,0.47,0.64,0.3,0.64,0.39,0.34,0.51,0.36
1,0,0,1,0,0,0,0,1,0,765333.4419,0.37,0.4,0.34,0.3,0.46,0.44,0.69,0.37,0.39,0.42,0.47,0.64,0.3,0.64,0.39,0.49,0.51,0.36
1,0,0,1,0,0,0,1,0,1,0,0.34,0.4,0.31,0.51,0.31,0.44,0.75,0.37,0.39,0.38,0.6,0.64,0.28,0.64,0.34,0.49,0.34,0.36
0,0,1,1,0,0,0,0,1,0,36774.21718,0.37,0.41,0.29,0.32,0.24,0.3,0.23,0.32,0.31,0.42,0.23,0.64,0.38,0.64,0.39,0.35,0.51,0.36
0,1,0,0,1,0,0,0,1,0,393086.189,0.43,0.33,0.34,0.3,0.46,0.31,0.69,0.32,0.31,0.42,0.47,0.64,0.3,0.64,0.39,0.34,0.51,0.36
0,0,1,1,0,0,0,1,0,0,0,0.37,0.32,0.34,0.3,0.46,0.31,0.69,0.32,0.31,0.42,0.47,0.64,0.3,0.64,0.39,0.34,0.51,0.36
0,1,0,0,1,0,1,0,0,0,228964.7032,0.37,0.32,0.34,0.3,0.46,0.31,0.69,0.32,0.31,0.42,0.47,0.64,0.3,0.64,0.39,0.34,0.51,0.36
0,1,0,0,1,0,0,0,1,0,1225683.403,0.46,0.32,0.62,0.51,0.31,0.34,0.69,0.32,0.33,0.42,0.47,0.64,0.3,0.64,0.39,0.34,0.51,0.36
0,0,1,0,1,0,0,1,0,0,78320.3206,0.29,0.33,0.34,0.31,0.32,0.31,0.69,0.32,0.29,0.42,0.47,0.64,0.3,0.64,0.39,0.34,0.51,0.36
1,0,0,0,1,0,0,0,1,0,0,0.37,0.41,0.35,0.28,0.78,0.3,0.75,0.31,0.31,0.38,0.6,0.64,0.3,0.64,0.34,0.34,0.34,0.36
0,1,0,0,0,1,1,0,0,0,894074.5956,0.37,0.33,0.49,0.3,0.82,0.31,0.69,0.32,0.31,0.46,0.71,0.68,0.3,0.69,0.39,0.34,0.68,0.36
0,1,0,1,0,0,0,1,0,0,725289.0031,0.43,0.32,0.7,0.28,0.78,0.28,0.29,0.33,0.31,0.32,0.28,0.38,0.3,0.29,0.32,0.34,0.51,0.36
1,0,0,0,1,0,0,0,1,0,160876.6357,0.43,0.33,0.28,0.3,0.24,0.26,0.23,0.24,0.25,0.42,0.23,0.64,0.3,0.64,0.39,0.34,0.51,0.36
0,0,1,0,1,0,1,0,0,0,0,0.53,0.33,0.34,0.3,0.46,0.43,0.69,0.41,0.31,0.42,0.47,0.64,0.41,0.64,0.39,0.43,0.51,0.36
0,0,1,1,0,0,1,0,0,0,4883733.549,0.43,0.4,0.34,0.31,0.32,0.42,0.69,0.42,0.35,0.42,0.47,0.64,0.5,0.64,0.39,0.34,0.51,0.36
1,0,0,1,0,0,0,1,0,0,956073.2062,0.37,0.33,0.42,0.3,0.82,0.31,0.75,0.32,0.31,0.42,0.78,0.71,0.3,0.76,0.63,0.34,0.66,0.36
1,0,0,0,1,0,0,0,1,0,832494.2965,0.46,0.31,0.23,0.28,0.46,0.3,0.69,0.26,0.26,0.42,0.47,0.64,0.28,0.64,0.39,0.26,0.51,0.36
0,0,1,0,1,0,1,0,0,0,628643.0165,0.34,0.41,0.3,0.32,0.46,0.31,0.69,0.32,0.31,0.42,0.47,0.64,0.38,0.64,0.39,0.35,0.51,0.36
1,0,0,0,1,0,1,0,0,0,736302.3127,0.37,0.32,0.29,0.3,0.8,0.3,0.71,0.31,0.31,0.51,0.47,0.53,0.3,0.54,0.47,0.34,0.51,0.36
0,1,0,0,1,0,1,0,0,0,749604.6759,0.5,0.33,0.28,0.3,0.24,0.26,0.23,0.24,0.25,0.42,0.23,0.64,0.3,0.64,0.39,0.34,0.51,0.36
1,0,0,1,0,0,1,0,0,0,567896.7118,0.5,0.33,0.3,0.32,0.78,0.3,0.29,0.32,0.31,0.32,0.28,0.38,0.38,0.29,0.32,0.35,0.51,0.36
0,0,1,0,0,1,0,0,1,0,1326463.922,0.38,0.4,0.59,0.51,0.82,0.44,0.69,0.37,0.39,0.46,0.71,0.68,0.28,0.69,0.4,0.49,0.68,0.36
0,1,0,0,0,1,0,1,0,0,398713.5436,0.27,0.31,0.34,0.28,0.46,0.31,0.69,0.26,0.31,0.42,0.47,0.64,0.28,0.64,0.39,0.26,0.51,0.36
1,0,0,0,0,1,0,0,1,0,0,0.38,0.3,0.42,0.28,0.82,0.28,0.52,0.37,0.31,0.43,0.41,0.71,0.3,0.43,0.63,0.34,0.66,0.36
1,0,0,0,0,1,0,1,0,0,0,0.29,0.4,0.55,0.31,0.43,0.44,0.52,0.37,0.39,0.45,0.41,0.64,0.3,0.43,0.41,0.49,0.47,0.36
0,0,1,1,0,0,0,1,0,0,679739.0009,0.38,0.3,0.42,0.28,0.82,0.28,0.75,0.33,0.31,0.43,0.78,0.71,0.3,0.76,0.63,0.34,0.66,0.36
0,1,0,0,1,0,0,0,1,0,3153854.399,0.53,0.37,0.34,0.3,0.46,0.31,0.69,0.32,0.28,0.42,0.47,0.64,0.3,0.64,0.39,0.34,0.51,0.36
0,0,1,0,1,0,0,1,0,0,1473011.057,0.43,0.32,0.34,0.31,0.32,0.42,0.69,0.42,0.35,0.42,0.47,0.64,0.5,0.64,0.39,0.34,0.51,0.36
0,0,1,1,0,0,0,0,1,0,1170026.85,0.34,0.41,0.3,0.32,0.48,0.3,0.23,0.32,0.28,0.43,0.63,0.72,0.38,0.41,0.39,0.35,0.39,0.36
1,0,0,0,1,0,1,0,0,0,378794.2591,0.34,0.32,0.31,0.51,0.31,0.42,0.69,0.42,0.35,0.42,0.47,0.64,0.5,0.64,0.39,0.26,0.51,0.36
1,0,0,1,0,0,1,0,0,0,1601063.624,0.27,0.31,0.78,0.28,0.51,0.31,0.29,0.26,0.29,0.32,0.28,0.52,0.28,0.29,0.32,0.26,0.51,0.36
1,0,0,1,0,0,1,0,0,0,439204.5205,0.34,0.3,0.34,0.28,0.78,0.28,0.29,0.33,0.31,0.32,0.28,0.38,0.3,0.29,0.32,0.34,0.51,0.36
0,1,0,0,0,1,0,1,0,0,0,0.29,0.33,0.34,0.31,0.32,0.31,0.69,0.32,0.29,0.42,0.47,0.64,0.3,0.64,0.39,0.34,0.51,0.36
1,0,0,0,1,0,0,0,1,0,669843.8731,0.53,0.33,0.45,0.28,0.46,0.26,0.81,0.26,0.25,0.49,0.47,0.71,0.28,0.64,0.44,0.26,0.51,0.36
0,1,0,1,0,0,0,0,1,0,928171.8226,0.38,0.41,0.59,0.32,0.67,0.3,0.52,0.31,0.31,0.42,0.41,0.83,0.25,0.43,0.4,0.25,0.6,0.36
0,0,1,0,0,1,0,1,0,0,980540.8831,0.34,0.41,0.3,0.32,0.46,0.3,0.69,0.32,0.26,0.42,0.47,0.64,0.38,0.64,0.39,0.35,0.51,0.36
0,0,1,0,1,0,0,1,0,0,611164.3735,0.34,0.36,0.31,0.51,0.31,0.34,0.29,0.32,0.33,0.32,0.28,0.38,0.28,0.29,0.32,0.26,0.51,0.36
1,0,0,1,0,0,1,0,0,0,503391.895,0.53,0.32,0.34,0.31,0.32,0.43,0.69,0.41,0.29,0.42,0.47,0.64,0.41,0.64,0.39,0.43,0.51,0.36
0,1,0,0,0,1,1,0,0,1,2018198.774,0.54,0.33,0.34,0.3,0.46,0.31,0.69,0.32,0.31,0.42,0.47,0.64,0.3,0.64,0.39,0.34,0.51,0.36
1,0,0,0,1,0,1,0,0,0,1031781.774,0.34,0.32,0.34,0.3,0.46,0.31,0.69,0.32,0.28,0.42,0.47,0.64,0.3,0.64,0.39,0.34,0.51,0.36
0,0,1,1,0,0,0,0,1,0,779940.988,0.34,0.32,0.3,0.32,0.46,0.31,0.69,0.32,0.31,0.42,0.47,0.64,0.38,0.64,0.39,0.35,0.51,0.36
1,0,0,1,0,0,0,1,0,0,291931.0199,0.27,0.31,0.34,0.28,0.46,0.31,0.69,0.26,0.31,0.42,0.47,0.64,0.28,0.64,0.39,0.26,0.51,0.36
0,0,1,1,0,0,0,1,0,0,1569921.468,0.27,0.31,0.34,0.28,0.46,0.31,0.69,0.26,0.31,0.42,0.47,0.64,0.28,0.64,0.39,0.26,0.51,0.36
0,0,1,0,1,0,1,0,0,0,392709.0276,0.5,0.32,0.23,0.32,0.46,0.3,0.69,0.25,0.26,0.42,0.47,0.64,0.25,0.64,0.39,0.25,0.51,0.36
0,0,1,1,0,0,0,1,0,1,693406.0807,0.38,0.33,0.62,0.3,0.45,0.31,0.52,0.32,0.31,0.45,0.41,0.83,0.3,0.43,0.41,0.34,0.47,0.36
0,0,1,1,0,0,1,0,0,0,0,0.37,0.41,0.29,0.28,0.78,0.3,0.29,0.31,0.31,0.32,0.28,0.38,0.28,0.29,0.32,0.26,0.51,0.36
0,0,1,0,1,0,0,0,1,0,0,0.38,0.33,0.55,0.3,0.43,0.31,0.52,0.37,0.31,0.49,0.47,0.83,0.3,0.43,0.41,0.34,0.47,0.36
1,0,0,0,1,0,0,0,1,0,690111.3104,0.53,0.4,0.62,0.3,0.45,0.44,0.69,0.37,0.39,0.42,0.47,0.64,0.3,0.64,0.39,0.49,0.51,0.36
0,0,1,1,0,0,0,0,1,0,1249181.475,0.46,0.76,0.34,0.3,0.46,0.31,0.69,0.32,0.31,0.42,0.47,0.64,0.3,0.64,0.39,0.34,0.51,0.36
0,0,1,0,1,0,1,0,0,0,1351147.271,0.37,0.32,0.62,0.3,0.46,0.31,0.69,0.32,0.31,0.42,0.47,0.64,0.3,0.64,0.39,0.34,0.51,0.36
0,0,1,0,1,0,0,1,0,0,212861.0058,0.35,0.37,0.35,0.3,0.24,0.3,0.75,0.37,0.28,0.38,0.6,0.64,0.3,0.64,0.34,0.34,0.34,0.36
1,0,0,0,1,0,0,1,0,0,538063.103,0.43,0.33,0.59,0.3,0.67,0.31,0.59,0.32,0.31,0.42,0.47,0.83,0.3,0.74,0.4,0.34,0.6,0.36
0,0,1,1,0,0,1,0,0,0,0,0.27,0.4,0.49,0.28,0.82,0.56,0.69,0.37,0.39,0.46,0.71,0.68,0.39,0.69,0.39,0.49,0.68,0.36
1,0,0,0,1,0,1,0,0,0,276691.6758,0.27,0.76,0.23,0.28,0.46,0.42,0.69,0.42,0.35,0.42,0.47,0.64,0.5,0.64,0.39,0.26,0.51,0.36
0,0,1,0,1,0,1,0,0,0,238325.7372,0.38,0.33,0.6,0.3,0.8,0.31,0.71,0.32,0.31,0.51,0.47,0.53,0.3,0.54,0.47,0.34,0.39,0.36
1,0,0,0,1,0,0,1,0,0,1618390.915,0.34,0.37,0.23,0.3,0.46,0.3,0.69,0.25,0.28,0.42,0.47,0.64,0.25,0.64,0.39,0.25,0.51,0.36
1,0,0,1,0,0,1,0,0,0,470525.1041,0.34,0.33,0.34,0.31,0.32,0.31,0.75,0.32,0.29,0.38,0.6,0.64,0.3,0.64,0.34,0.34,0.34,0.36
0,0,1,0,1,0,1,0,0,0,0,0.29,0.4,0.34,0.31,0.32,0.44,0.69,0.37,0.39,0.42,0.47,0.64,0.3,0.64,0.39,0.49,0.51,0.36
1,0,0,1,0,0,1,0,0,0,1087369.372,0.37,0.32,0.34,0.3,0.46,0.31,0.69,0.32,0.31,0.42,0.47,0.64,0.3,0.64,0.39,0.34,0.51,0.36
0,1,0,0,0,1,0,1,0,0,1057881.467,0.43,0.33,0.34,0.28,0.46,0.31,0.69,0.26,0.31,0.42,0.47,0.64,0.28,0.64,0.39,0.26,0.51,0.36
0,0,1,0,0,1,0,0,1,0,0,0.37,0.41,0.29,0.3,0.24,0.3,0.23,0.31,0.31,0.42,0.23,0.64,0.25,0.64,0.39,0.25,0.51,0.36
0,0,1,1,0,0,0,0,1,0,0,0.43,0.4,0.49,0.3,0.82,0.56,0.69,0.37,0.39,0.46,0.71,0.68,0.39,0.69,0.39,0.49,0.68,0.36
1,0,0,1,0,0,0,0,1,0,815864.2387,0.46,0.36,0.31,0.51,0.31,0.34,0.69,0.32,0.33,0.42,0.47,0.64,0.28,0.64,0.39,0.26,0.51,0.36
0,0,1,0,0,1,1,0,0,1,558781.1311,0.29,0.33,0.34,0.31,0.32,0.31,0.69,0.32,0.29,0.42,0.47,0.64,0.3,0.64,0.39,0.34,0.51,0.36
0,0,1,1,0,0,1,0,0,0,692774.564,0.27,0.31,0.49,0.28,0.8,0.31,0.71,0.26,0.31,0.51,0.47,0.53,0.28,0.54,0.47,0.26,0.68,0.36
1,0,0,0,0,1,0,1,0,1,1302575.95,0.29,0.33,0.34,0.31,0.32,0.31,0.23,0.24,0.29,0.42,0.23,0.64,0.3,0.64,0.39,0.34,0.51,0.36
0,0,1,0,1,0,1,0,0,0,897459.3065,0.27,0.32,0.62,0.28,0.32,0.42,0.69,0.42,0.35,0.42,0.47,0.64,0.5,0.64,0.39,0.49,0.51,0.36
0,0,1,1,0,0,1,0,0,0,1429214.159,0.27,0.31,0.34,0.28,0.46,0.31,0.69,0.26,0.31,0.42,0.47,0.64,0.28,0.64,0.39,0.26,0.51,0.36
1,0,0,0,1,0,0,0,1,0,669296.6256,0.38,0.31,0.59,0.28,0.67,0.3,0.81,0.26,0.26,0.49,0.47,0.83,0.28,0.74,0.4,0.26,0.6,0.36
0,0,1,1,0,0,1,0,0,0,255548.2237,0.37,0.33,0.28,0.3,0.24,0.26,0.23,0.24,0.25,0.42,0.23,0.64,0.3,0.64,0.39,0.34,0.51,0.36
0,0,1,0,1,0,0,0,1,0,0,0.53,0.4,0.34,0.31,0.32,0.42,0.23,0.42,0.35,0.42,0.23,0.64,0.5,0.64,0.39,0.43,0.51,0.36
0,0,1,0,0,1,1,0,0,0,0,0.34,0.3,0.62,0.28,0.45,0.28,0.29,0.33,0.31,0.32,0.28,0.52,0.3,0.29,0.32,0.34,0.51,0.36
0,0,1,0,1,0,0,1,0,0,244320.6927,0.54,0.36,0.55,0.51,0.43,0.34,0.52,0.32,0.33,0.45,0.41,0.64,0.5,0.43,0.41,0.25,0.47,0.36
0,0,1,0,1,0,1,0,0,0,1258129.574,0.53,0.33,0.62,0.3,0.45,0.31,0.69,0.32,0.31,0.42,0.47,0.64,0.3,0.64,0.39,0.34,0.51,0.36
1,0,0,0,0,1,0,0,1,0,637285.2829,0.54,0.76,0.7,0.3,0.24,0.26,0.23,0.24,0.28,0.42,0.23,0.64,0.3,0.64,0.39,0.34,0.51,0.36
0,0,1,1,0,0,0,0,1,0,753009.6127,0.27,0.4,0.45,0.28,0.46,0.44,0.81,0.37,0.39,0.49,0.47,0.71,0.28,0.64,0.44,0.49,0.51,0.36
0,1,0,0,1,0,1,0,0,1,816509.9206,0.31,0.33,0.23,0.32,0.46,0.3,0.69,0.25,0.26,0.42,0.47,0.64,0.25,0.64,0.39,0.25,0.51,0.36
1,0,0,0,1,0,0,0,1,0,113399.8179,0.34,0.76,0.62,0.28,0.45,0.28,0.29,0.33,0.31,0.32,0.28,0.52,0.3,0.29,0.32,0.34,0.51,0.36
0,1,0,1,0,0,0,0,1,0,0,0.46,0.33,0.34,0.31,0.32,0.31,0.23,0.31,0.29,0.42,0.23,0.64,0.3,0.64,0.39,0.34,0.51,0.36
0,0,1,1,0,0,1,0,0,0,1090087.057,0.37,0.33,0.34,0.3,0.46,0.56,0.69,0.32,0.31,0.42,0.47,0.64,0.39,0.64,0.39,0.34,0.51,0.36
1,0,0,1,0,0,0,0,1,0,517760.5269,0.34,0.37,0.34,0.3,0.46,0.31,0.69,0.32,0.28,0.42,0.47,0.64,0.3,0.64,0.39,0.34,0.51,0.36
0,0,1,0,1,0,0,0,1,0,0,0.37,0.41,0.29,0.32,0.24,0.3,0.23,0.31,0.31,0.42,0.23,0.64,0.25,0.64,0.39,0.25,0.51,0.36
0,0,1,0,1,0,1,0,0,0,635128.3689,0.38,0.33,0.42,0.3,0.67,0.26,0.59,0.37,0.25,0.43,0.78,0.83,0.3,0.74,0.63,0.34,0.66,0.36
1,0,0,0,1,0,0,1,0,0,428401.6991,0.43,0.33,0.28,0.3,0.24,0.26,0.23,0.24,0.25,0.42,0.23,0.64,0.3,0.64,0.39,0.34,0.51,0.36
0,0,1,1,0,0,0,0,1,0,0,0.34,0.36,0.31,0.51,0.31,0.34,0.75,0.32,0.33,0.38,0.6,0.64,0.3,0.76,0.34,0.34,0.34,0.36
0,0,1,1,0,0,1,0,0,0,0,0.37,0.33,0.28,0.3,0.24,0.26,0.23,0.24,0.25,0.42,0.23,0.64,0.3,0.64,0.39,0.34,0.51,0.36
0,1,0,0,0,1,0,1,0,0,361368.2079,0.34,0.41,0.31,0.51,0.31,0.34,0.75,0.32,0.31,0.38,0.6,0.64,0.38,0.64,0.34,0.35,0.34,0.36
0,0,1,1,0,0,0,1,0,0,2712665.233,0.27,0.4,0.3,0.28,0.46,0.44,0.69,0.37,0.39,0.42,0.47,0.64,0.28,0.64,0.39,0.49,0.51,0.36
0,0,1,1,0,0,1,0,0,0,2202358.207,0.35,0.41,0.34,0.3,0.32,0.31,0.75,0.37,0.31,0.38,0.6,0.64,0.3,0.64,0.34,0.34,0.34,0.36
1,0,0,0,0,1,0,0,1,0,797240.1654,0.35,0.37,0.35,0.3,0.78,0.28,0.75,0.37,0.28,0.38,0.63,0.64,0.25,0.41,0.34,0.25,0.34,0.36
1,0,0,1,0,0,0,1,0,0,0,0.34,0.41,0.62,0.32,0.45,0.56,0.23,0.32,0.26,0.42,0.23,0.64,0.39,0.64,0.39,0.35,0.51,0.36
0,0,1,0,0,1,0,0,1,0,0,0.29,0.33,0.31,0.51,0.31,0.34,0.29,0.32,0.29,0.32,0.28,0.38,0.3,0.29,0.32,0.34,0.51,0.36
1,0,0,0,0,1,0,1,0,1,329487.6913,0.27,0.32,0.34,0.28,0.46,0.31,0.69,0.26,0.31,0.42,0.47,0.64,0.28,0.64,0.39,0.26,0.51,0.36
0,0,1,0,1,0,0,1,0,1,605662.9392,0.46,0.4,0.34,0.3,0.46,0.42,0.69,0.42,0.35,0.42,0.47,0.64,0.5,0.64,0.39,0.34,0.51,0.36
1,0,0,0,1,0,0,0,1,0,518740.0687,0.34,0.36,0.31,0.51,0.31,0.34,0.69,0.32,0.33,0.42,0.47,0.64,0.3,0.64,0.39,0.34,0.51,0.36
1,0,0,0,1,0,1,0,0,0,0,0.27,0.31,0.34,0.28,0.46,0.31,0.69,0.26,0.31,0.42,0.47,0.64,0.28,0.64,0.39,0.26,0.51,0.36
1,0,0,1,0,0,0,1,0,1,1038581.447,0.29,0.33,0.34,0.31,0.32,0.56,0.69,0.41,0.29,0.42,0.47,0.64,0.39,0.64,0.39,0.43,0.51,0.36
1,0,0,0,1,0,0,1,0,0,1620333.92,0.38,0.33,0.49,0.3,0.8,0.31,0.71,0.32,0.31,0.51,0.47,0.53,0.3,0.54,0.47,0.34,0.68,0.36
0,0,1,1,0,0,0,1,0,0,0,0.34,0.37,0.34,0.3,0.46,0.31,0.69,0.32,0.28,0.42,0.47,0.64,0.3,0.64,0.39,0.34,0.51,0.36
1,0,0,0,1,0,1,0,0,0,613158.3206,0.34,0.37,0.34,0.3,0.46,0.31,0.69,0.32,0.28,0.42,0.47,0.64,0.3,0.64,0.39,0.34,0.51,0.36
0,0,1,0,1,0,0,0,1,0,257431.8533,0.46,0.31,0.49,0.28,0.82,0.42,0.69,0.42,0.28,0.46,0.71,0.68,0.5,0.69,0.44,0.43,0.68,0.36
0,0,1,1,0,0,0,1,0,0,448624.9454,0.37,0.33,0.28,0.3,0.24,0.26,0.23,0.24,0.25,0.42,0.23,0.64,0.3,0.64,0.39,0.34,0.51,0.36
1,0,0,0,1,0,0,0,1,0,124585.5305,0.53,0.32,0.78,0.31,0.51,0.31,0.29,0.33,0.29,0.32,0.28,0.52,0.3,0.29,0.32,0.34,0.51,0.36
0,0,1,0,1,0,0,1,0,0,765370.0653,0.27,0.31,0.34,0.28,0.46,0.31,0.69,0.26,0.31,0.42,0.47,0.64,0.28,0.64,0.39,0.26,0.51,0.36
0,0,1,1,0,0,1,0,0,0,1249619.497,0.27,0.31,0.34,0.28,0.46,0.31,0.69,0.26,0.31,0.42,0.47,0.64,0.28,0.64,0.39,0.26,0.51,0.36
0,0,1,1,0,0,0,1,0,0,469917.3407,0.38,0.33,0.49,0.31,0.82,0.56,0.69,0.31,0.29,0.51,0.71,0.68,0.39,0.69,0.47,0.34,0.68,0.36
0,0,1,0,0,1,1,0,0,0,0,0.37,0.41,0.3,0.32,0.78,0.3,0.29,0.32,0.31,0.32,0.28,0.38,0.38,0.29,0.32,0.35,0.51,0.36
1,0,0,0,1,0,1,0,0,1,1530719.328,0.31,0.33,0.23,0.32,0.46,0.3,0.69,0.25,0.26,0.42,0.47,0.64,0.25,0.64,0.39,0.25,0.51,0.36
0,0,1,1,0,0,0,1,0,0,799238.9668,0.5,0.33,0.34,0.3,0.46,0.31,0.69,0.32,0.31,0.42,0.47,0.64,0.3,0.64,0.39,0.34,0.51,0.36
0,0,1,0,1,0,1,0,0,1,844244.2553,0.34,0.36,0.31,0.51,0.31,0.34,0.69,0.32,0.33,0.42,0.47,0.64,0.28,0.64,0.39,0.26,0.51,0.36
1,0,0,0,1,0,1,0,0,0,1125551.007,0.34,0.37,0.34,0.3,0.46,0.56,0.69,0.32,0.28,0.42,0.47,0.64,0.39,0.64,0.39,0.34,0.51,0.36
0,1,0,1,0,0,1,0,0,0,407253.8988,0.34,0.3,0.34,0.28,0.78,0.28,0.29,0.33,0.31,0.32,0.28,0.38,0.3,0.29,0.32,0.34,0.51,0.36
1,0,0,1,0,0,1,0,0,0,289201.3628,0.29,0.33,0.34,0.31,0.32,0.31,0.75,0.37,0.29,0.43,0.63,0.72,0.3,0.41,0.39,0.34,0.39,0.36
0,0,1,1,0,0,0,0,1,0,0,0.31,0.76,0.23,0.32,0.46,0.3,0.69,0.25,0.26,0.42,0.47,0.64,0.25,0.64,0.39,0.25,0.51,0.36
0,0,1,0,0,1,0,0,1,0,0,0.37,0.4,0.29,0.3,0.46,0.42,0.69,0.42,0.35,0.42,0.47,0.64,0.5,0.64,0.39,0.43,0.51,0.36
1,0,0,1,0,0,0,1,0,1,1256705.067,0.38,0.33,0.6,0.3,0.48,0.31,0.69,0.32,0.31,0.43,0.63,0.72,0.3,0.41,0.39,0.34,0.39,0.36
1,0,0,1,0,0,0,1,0,0,382568.4018,0.37,0.32,0.34,0.3,0.46,0.31,0.69,0.32,0.31,0.42,0.47,0.64,0.3,0.64,0.39,0.34,0.51,0.36
0,0,1,0,1,0,0,0,1,0,864919.3878,0.37,0.33,0.78,0.3,0.51,0.31,0.69,0.32,0.31,0.42,0.47,0.52,0.3,0.64,0.39,0.34,0.51,0.36
0,0,1,0,1,0,1,0,0,0,0,0.27,0.4,0.62,0.28,0.46,0.42,0.75,0.42,0.35,0.38,0.6,0.64,0.5,0.64,0.34,0.43,0.34,0.36
1,0,0,0,1,0,0,0,1,0,674194.3847,0.38,0.33,0.42,0.3,0.8,0.31,0.71,0.32,0.31,0.51,0.47,0.53,0.3,0.54,0.47,0.34,0.66,0.36
1,0,0,0,1,0,0,1,0,0,82253.20899,0.27,0.31,0.34,0.28,0.46,0.31,0.69,0.26,0.31,0.42,0.47,0.64,0.28,0.64,0.39,0.26,0.51,0.36
0,1,0,1,0,0,1,0,0,0,2082562.462,0.38,0.3,0.42,0.28,0.82,0.28,0.75,0.33,0.25,0.43,0.78,0.71,0.3,0.76,0.63,0.34,0.66,0.36
0,0,1,1,0,0,0,1,0,0,586055.7833,0.46,0.36,0.31,0.51,0.31,0.34,0.69,0.32,0.33,0.42,0.47,0.64,0.3,0.64,0.39,0.34,0.51,0.36
0,0,1,0,0,1,1,0,0,1,659546.5613,0.53,0.31,0.42,0.28,0.82,0.26,0.75,0.26,0.25,0.42,0.78,0.71,0.28,0.76,0.63,0.26,0.66,0.36
0,1,0,1,0,0,0,1,0,0,498621.7029,0.46,0.33,0.55,0.3,0.8,0.56,0.71,0.37,0.31,0.51,0.47,0.71,0.39,0.43,0.47,0.34,0.47,0.36
0,0,1,0,1,0,0,1,0,0,203218.8775,0.38,0.3,0.45,0.28,0.46,0.28,0.81,0.37,0.31,0.49,0.47,0.68,0.3,0.69,0.44,0.34,0.68,0.36
1,0,0,0,0,1,1,0,0,0,553305.5507,0.37,0.33,0.62,0.3,0.45,0.31,0.69,0.32,0.31,0.42,0.47,0.64,0.3,0.64,0.39,0.34,0.51,0.36
0,0,1,0,0,1,0,1,0,0,959303.8702,0.37,0.41,0.29,0.3,0.46,0.3,0.69,0.31,0.31,0.42,0.47,0.64,0.3,0.64,0.39,0.34,0.51,0.36
1,0,0,1,0,0,1,0,0,1,0,0.29,0.4,0.34,0.31,0.32,0.42,0.69,0.42,0.35,0.42,0.47,0.64,0.5,0.64,0.39,0.34,0.51,0.36
1,0,0,1,0,0,0,1,0,0,0,0.5,0.31,0.7,0.28,0.46,0.3,0.69,0.26,0.26,0.42,0.47,0.64,0.28,0.64,0.39,0.26,0.51,0.36
0,0,1,1,0,0,0,1,0,0,1144938.582,0.46,0.33,0.55,0.3,0.43,0.26,0.52,0.37,0.25,0.45,0.41,0.83,0.3,0.43,0.41,0.34,0.47,0.36
0,0,1,1,0,0,1,0,0,1,672212.1435,0.31,0.33,0.23,0.32,0.46,0.3,0.69,0.25,0.26,0.42,0.47,0.64,0.25,0.64,0.39,0.25,0.51,0.36
0,0,1,1,0,0,1,0,0,0,0,0.37,0.32,0.62,0.3,0.46,0.3,0.69,0.31,0.31,0.42,0.47,0.64,0.3,0.64,0.39,0.34,0.51,0.36
0,0,1,1,0,0,0,1,0,0,586474.0221,0.38,0.76,0.59,0.32,0.67,0.28,0.59,0.32,0.26,0.42,0.28,0.83,0.38,0.74,0.4,0.35,0.6,0.36
0,0,1,0,1,0,1,0,0,0,0,0.53,0.33,0.62,0.3,0.45,0.31,0.69,0.32,0.31,0.42,0.47,0.64,0.3,0.64,0.39,0.34,0.51,0.36
0,0,1,0,1,0,0,1,0,0,753606.5413,0.53,0.33,0.23,0.32,0.24,0.3,0.23,0.25,0.26,0.42,0.23,0.64,0.25,0.64,0.39,0.25,0.51,0.36
0,0,1,0,1,0,0,0,1,0,450347.145,0.53,0.3,0.34,0.28,0.78,0.28,0.29,0.33,0.31,0.32,0.28,0.38,0.3,0.29,0.32,0.34,0.51,0.36
1,0,0,1,0,0,0,1,0,0,2013340.046,0.34,0.36,0.42,0.51,0.82,0.34,0.75,0.32,0.33,0.32,0.78,0.71,0.3,0.76,0.63,0.34,0.66,0.36
1,0,0,1,0,0,1,0,0,0,982659.9722,0.34,0.4,0.3,0.32,0.46,0.56,0.69,0.37,0.39,0.42,0.47,0.64,0.39,0.64,0.39,0.49,0.51,0.36
0,0,1,0,1,0,1,0,0,0,0,0.37,0.33,0.28,0.3,0.24,0.26,0.23,0.24,0.25,0.42,0.23,0.64,0.3,0.64,0.39,0.34,0.51,0.36
0,0,1,1,0,0,0,1,0,1,713540.6722,0.34,0.37,0.34,0.3,0.46,0.31,0.69,0.32,0.28,0.42,0.47,0.64,0.3,0.64,0.39,0.34,0.51,0.36
0,0,1,0,0,1,0,0,1,0,731992.2625,0.53,0.31,0.34,0.28,0.46,0.31,0.69,0.26,0.31,0.42,0.47,0.64,0.28,0.64,0.39,0.26,0.51,0.36
0,0,1,0,1,0,1,0,0,0,531795.9008,0.37,0.41,0.29,0.32,0.24,0.3,0.23,0.31,0.31,0.42,0.23,0.64,0.25,0.64,0.39,0.25,0.51,0.36
1,0,0,1,0,0,0,0,1,0,523771.6488,0.54,0.37,0.45,0.3,0.46,0.3,0.81,0.25,0.28,0.51,0.47,0.71,0.25,0.76,0.47,0.25,0.51,0.36
1,0,0,1,0,0,0,0,1,0,727467.4938,0.37,0.32,0.78,0.3,0.51,0.3,0.69,0.31,0.31,0.42,0.47,0.52,0.3,0.64,0.39,0.34,0.51,0.36
0,0,1,0,1,0,1,0,0,0,540424.1207,0.37,0.32,0.34,0.3,0.46,0.31,0.69,0.32,0.31,0.42,0.47,0.64,0.3,0.64,0.39,0.34,0.51,0.36
0,1,0,0,1,0,0,1,0,0,806542.6413,0.27,0.31,0.34,0.28,0.46,0.31,0.69,0.26,0.31,0.42,0.47,0.64,0.28,0.64,0.39,0.26,0.51,0.36
1,0,0,1,0,0,1,0,0,0,2659144.427,0.38,0.37,0.6,0.3,0.48,0.31,0.69,0.32,0.28,0.43,0.63,0.72,0.3,0.41,0.39,0.34,0.39,0.36
0,0,1,0,0,1,0,1,0,0,1062760.821,0.37,0.32,0.34,0.3,0.46,0.44,0.69,0.37,0.39,0.42,0.47,0.64,0.3,0.64,0.39,0.49,0.51,0.36
0,0,1,1,0,0,0,1,0,0,307949.943,0.34,0.41,0.3,0.32,0.46,0.31,0.69,0.32,0.31,0.42,0.47,0.64,0.38,0.64,0.39,0.35,0.51,0.36
0,0,1,1,0,0,0,0,1,0,361600.6459,0.27,0.31,0.62,0.28,0.45,0.31,0.69,0.26,0.31,0.46,0.71,0.68,0.28,0.69,0.41,0.26,0.68,0.36
0,1,0,1,0,0,1,0,0,0,76029.79193,0.5,0.32,0.23,0.32,0.46,0.44,0.69,0.37,0.39,0.42,0.47,0.64,0.25,0.64,0.39,0.49,0.51,0.36
0,0,1,0,0,1,0,1,0,0,437845.6946,0.38,0.36,0.59,0.51,0.67,0.34,0.59,0.32,0.33,0.42,0.6,0.83,0.28,0.74,0.4,0.26,0.6,0.36
0,0,1,0,0,1,0,1,0,0,177912.0224,0.27,0.4,0.34,0.28,0.46,0.42,0.69,0.42,0.35,0.42,0.47,0.64,0.5,0.64,0.39,0.26,0.51,0.36
0,0,1,1,0,0,0,1,0,0,2033252.062,0.29,0.4,0.49,0.31,0.82,0.44,0.69,0.37,0.39,0.46,0.71,0.68,0.3,0.69,0.39,0.49,0.68,0.36
0,0,1,0,0,1,0,0,1,0,1021369.236,0.34,0.36,0.31,0.51,0.31,0.34,0.69,0.32,0.33,0.42,0.47,0.64,0.28,0.64,0.39,0.26,0.51,0.36
0,0,1,0,1,0,0,0,1,0,515173.344,0.43,0.33,0.34,0.28,0.46,0.31,0.69,0.26,0.28,0.42,0.47,0.64,0.28,0.64,0.39,0.26,0.51,0.36
1,0,0,1,0,0,1,0,0,0,633185.2,0.37,0.32,0.34,0.3,0.46,0.31,0.69,0.32,0.31,0.42,0.47,0.64,0.3,0.64,0.39,0.34,0.51,0.36
1,0,0,1,0,0,0,0,1,0,1211761.101,0.31,0.33,0.23,0.32,0.46,0.3,0.69,0.25,0.26,0.42,0.47,0.64,0.25,0.64,0.39,0.25,0.51,0.36
1,0,0,0,0,1,0,1,0,0,0,0.53,0.33,0.34,0.3,0.46,0.31,0.69,0.32,0.31,0.42,0.47,0.64,0.3,0.64,0.39,0.34,0.51,0.36
0,1,0,1,0,0,0,1,0,0,0,0.43,0.33,0.3,0.32,0.78,0.28,0.75,0.32,0.28,0.38,0.6,0.64,0.38,0.64,0.34,0.35,0.34,0.36
0,1,0,1,0,0,0,1,0,1,931519.3023,0.5,0.76,0.34,0.28,0.46,0.31,0.69,0.26,0.31,0.42,0.47,0.64,0.28,0.64,0.39,0.26,0.51,0.36
0,0,1,0,1,0,0,0,1,0,997509.4334,0.46,0.33,0.34,0.3,0.46,0.31,0.69,0.32,0.31,0.42,0.47,0.64,0.3,0.64,0.39,0.34,0.51,0.36
1,0,0,0,1,0,1,0,0,0,215738.8692,0.29,0.4,0.34,0.31,0.32,0.44,0.69,0.37,0.39,0.42,0.47,0.64,0.3,0.64,0.39,0.49,0.51,0.36
0,0,1,1,0,0,0,1,0,0,334443.6984,0.27,0.31,0.62,0.28,0.45,0.3,0.75,0.26,0.31,0.42,0.78,0.71,0.28,0.76,0.63,0.26,0.66,0.36
0,0,1,0,1,0,0,1,0,1,0,0.31,0.33,0.49,0.32,0.82,0.3,0.69,0.25,0.26,0.46,0.71,0.68,0.25,0.69,0.39,0.25,0.68,0.36
0,1,0,0,1,0,1,0,0,0,0,0.34,0.36,0.31,0.51,0.31,0.34,0.75,0.32,0.33,0.38,0.78,0.64,0.3,0.76,0.34,0.34,0.66,0.36
0,0,1,0,1,0,0,0,1,0,951819.139,0.31,0.33,0.23,0.32,0.46,0.3,0.69,0.25,0.26,0.42,0.47,0.64,0.25,0.64,0.39,0.25,0.51,0.36
0,0,1,0,1,0,0,1,0,0,682748.2323,0.34,0.41,0.3,0.32,0.46,0.3,0.69,0.32,0.26,0.42,0.47,0.64,0.38,0.64,0.39,0.35,0.51,0.36
1,0,0,1,0,0,0,1,0,0,822680.6197,0.38,0.33,0.49,0.3,0.82,0.26,0.69,0.37,0.25,0.46,0.71,0.68,0.3,0.69,0.39,0.34,0.68,0.36
0,0,1,1,0,0,1,0,0,0,0,0.38,0.3,0.59,0.28,0.67,0.28,0.52,0.37,0.31,0.42,0.41,0.83,0.3,0.74,0.4,0.34,0.6,0.36
1,0,0,0,0,1,0,0,1,0,1065990.966,0.37,0.41,0.29,0.3,0.78,0.3,0.75,0.31,0.31,0.38,0.6,0.64,0.25,0.64,0.34,0.25,0.34,0.36
0,1,0,0,1,0,0,0,1,0,132956.3657,0.37,0.33,0.62,0.3,0.46,0.31,0.69,0.32,0.31,0.42,0.47,0.64,0.3,0.64,0.39,0.34,0.51,0.36
1,0,0,0,1,0,0,0,1,0,228636.3613,0.43,0.33,0.28,0.3,0.24,0.26,0.23,0.24,0.25,0.42,0.23,0.64,0.3,0.64,0.39,0.34,0.51,0.36
0,0,1,0,1,0,0,0,1,0,505246.7447,0.27,0.31,0.62,0.28,0.45,0.28,0.29,0.26,0.31,0.32,0.28,0.38,0.28,0.29,0.32,0.26,0.51,0.36
1,0,0,1,0,0,0,1,0,0,310047.1963,0.54,0.76,0.29,0.28,0.46,0.56,0.69,0.26,0.31,0.42,0.47,0.64,0.39,0.64,0.39,0.26,0.51,0.36
0,0,1,0,0,1,0,1,0,1,321709.9576,0.46,0.32,0.6,0.28,0.48,0.31,0.69,0.26,0.28,0.43,0.63,0.72,0.28,0.41,0.39,0.26,0.39,0.36
1,0,0,1,0,0,0,0,1,0,1058313.647,0.53,0.32,0.34,0.3,0.46,0.31,0.69,0.32,0.31,0.42,0.47,0.64,0.3,0.64,0.39,0.34,0.51,0.36
0,1,0,0,0,1,0,0,1,0,1156367.383,0.38,0.32,0.49,0.28,0.8,0.31,0.71,0.26,0.28,0.51,0.47,0.53,0.28,0.54,0.47,0.26,0.68,0.36
0,0,1,1,0,0,0,1,0,0,616619.553,0.31,0.33,0.23,0.32,0.46,0.3,0.69,0.25,0.26,0.42,0.47,0.64,0.25,0.64,0.39,0.25,0.51,0.36
0,1,0,1,0,0,0,1,0,0,619695.4665,0.46,0.33,0.34,0.3,0.46,0.31,0.69,0.32,0.31,0.42,0.47,0.64,0.3,0.64,0.39,0.34,0.51,0.36
0,1,0,0,0,1,1,0,0,1,0,0.31,0.76,0.23,0.32,0.46,0.3,0.69,0.25,0.26,0.42,0.47,0.64,0.25,0.64,0.39,0.25,0.51,0.36
0,1,0,1,0,0,1,0,0,1,666369.9195,0.43,0.33,0.55,0.28,0.43,0.44,0.52,0.37,0.25,0.45,0.41,0.71,0.28,0.43,0.41,0.49,0.47,0.36
0,0,1,1,0,0,0,1,0,0,0,0.31,0.76,0.23,0.32,0.46,0.3,0.69,0.25,0.26,0.42,0.47,0.64,0.25,0.64,0.39,0.25,0.51,0.36
0,0,1,1,0,0,0,0,1,0,3144590.87,0.43,0.4,0.34,0.3,0.46,0.44,0.69,0.37,0.39,0.42,0.47,0.64,0.3,0.64,0.39,0.49,0.51,0.36
1,0,0,0,0,1,0,1,0,0,0,0.37,0.41,0.29,0.3,0.78,0.56,0.29,0.31,0.31,0.32,0.28,0.38,0.39,0.29,0.32,0.34,0.51,0.36
1,0,0,1,0,0,1,0,0,0,728510.7207,0.46,0.37,0.34,0.3,0.46,0.31,0.69,0.32,0.28,0.42,0.47,0.64,0.3,0.64,0.39,0.34,0.51,0.36
1,0,0,1,0,0,0,1,0,1,631602.7324,0.34,0.3,0.34,0.28,0.78,0.28,0.29,0.33,0.31,0.32,0.28,0.38,0.3,0.29,0.32,0.34,0.51,0.36
1,0,0,1,0,0,0,1,0,0,373240.9099,0.43,0.33,0.23,0.28,0.46,0.3,0.69,0.26,0.26,0.42,0.47,0.64,0.28,0.64,0.39,0.26,0.51,0.36
0,0,1,1,0,0,0,1,0,0,0,0.29,0.33,0.34,0.31,0.32,0.31,0.75,0.37,0.29,0.43,0.63,0.72,0.3,0.76,0.39,0.34,0.39,0.36
0,0,1,0,0,1,0,1,0,0,0,0.54,0.33,0.62,0.28,0.45,0.28,0.29,0.26,0.31,0.32,0.28,0.38,0.28,0.29,0.32,0.26,0.51,0.36
1,0,0,1,0,0,1,0,0,0,306070.4166,0.54,0.36,0.31,0.51,0.31,0.34,0.23,0.32,0.33,0.42,0.23,0.64,0.25,0.64,0.39,0.25,0.51,0.36
1,0,0,0,0,1,0,0,1,0,270865.8493,0.34,0.36,0.31,0.51,0.31,0.34,0.69,0.32,0.33,0.42,0.47,0.64,0.25,0.64,0.39,0.25,0.51,0.36
1,0,0,1,0,0,0,1,0,1,3610162.231,0.34,0.41,0.3,0.51,0.31,0.34,0.23,0.32,0.31,0.42,0.23,0.64,0.38,0.64,0.39,0.35,0.51,0.36
0,1,0,0,1,0,1,0,0,1,0,0.34,0.4,0.31,0.51,0.31,0.42,0.69,0.42,0.35,0.42,0.47,0.64,0.5,0.64,0.39,0.43,0.51,0.36
1,0,0,0,1,0,0,0,1,0,537048.7586,0.31,0.76,0.23,0.32,0.46,0.3,0.69,0.25,0.26,0.42,0.47,0.64,0.25,0.64,0.39,0.25,0.51,0.36
1,0,0,0,0,1,1,0,0,0,1646962.206,0.35,0.3,0.35,0.28,0.48,0.28,0.75,0.37,0.25,0.38,0.63,0.72,0.3,0.41,0.34,0.34,0.34,0.36
1,0,0,0,1,0,0,1,0,0,2154401.489,0.54,0.33,0.42,0.51,0.82,0.34,0.75,0.32,0.33,0.42,0.78,0.71,0.3,0.76,0.63,0.34,0.66,0.36
0,1,0,1,0,0,1,0,0,0,0,0.34,0.36,0.42,0.51,0.8,0.34,0.71,0.32,0.33,0.51,0.47,0.71,0.25,0.54,0.47,0.25,0.66,0.36
1,0,0,1,0,0,1,0,0,0,0,0.34,0.37,0.23,0.3,0.78,0.28,0.29,0.33,0.26,0.32,0.28,0.38,0.25,0.29,0.32,0.25,0.51,0.36
0,0,1,1,0,0,0,1,0,0,213031.2577,0.35,0.41,0.34,0.3,0.32,0.31,0.75,0.37,0.31,0.38,0.6,0.64,0.3,0.64,0.34,0.34,0.34,0.36
0,0,1,0,0,1,0,1,0,1,1320356.304,0.27,0.31,0.28,0.28,0.24,0.26,0.23,0.26,0.28,0.42,0.23,0.64,0.28,0.64,0.39,0.26,0.51,0.36
0,1,0,0,0,1,0,0,1,0,862263.4978,0.43,0.33,0.34,0.28,0.32,0.31,0.23,0.26,0.29,0.42,0.23,0.64,0.28,0.64,0.39,0.49,0.51,0.36
1,0,0,1,0,0,0,1,0,0,2611354.749,0.34,0.41,0.34,0.32,0.32,0.31,0.23,0.32,0.28,0.42,0.23,0.64,0.3,0.64,0.39,0.34,0.51,0.36
1,0,0,0,1,0,1,0,0,0,0,0.43,0.33,0.55,0.3,0.43,0.26,0.81,0.24,0.25,0.49,0.47,0.71,0.3,0.43,0.44,0.34,0.47,0.36
0,0,1,0,1,0,0,0,1,0,512261.9302,0.5,0.76,0.62,0.3,0.45,0.3,0.69,0.25,0.28,0.42,0.47,0.64,0.25,0.64,0.39,0.25,0.51,0.36
0,0,1,0,0,1,0,1,0,1,0,0.38,0.41,0.6,0.28,0.48,0.3,0.75,0.37,0.31,0.43,0.78,0.72,0.3,0.76,0.39,0.34,0.66,0.36
1,0,0,1,0,0,1,0,0,0,2270761.316,0.37,0.41,0.29,0.3,0.78,0.3,0.75,0.31,0.31,0.38,0.6,0.64,0.25,0.64,0.34,0.25,0.34,0.36
0,0,1,0,1,0,0,1,0,0,6632131.551,0.35,0.3,0.35,0.28,0.48,0.28,0.75,0.37,0.25,0.38,0.63,0.72,0.3,0.41,0.34,0.34,0.34,0.36
0,1,0,1,0,0,0,1,0,0,0,0.37,0.41,0.34,0.31,0.32,0.31,0.23,0.31,0.31,0.42,0.23,0.64,0.3,0.64,0.39,0.34,0.51,0.36
1,0,0,0,1,0,0,0,1,0,0,0.38,0.33,0.59,0.3,0.43,0.26,0.52,0.24,0.25,0.45,0.41,0.83,0.3,0.43,0.41,0.34,0.47,0.36
0,0,1,0,1,0,0,1,0,0,432908.2817,0.29,0.33,0.34,0.31,0.82,0.31,0.75,0.32,0.29,0.43,0.78,0.71,0.3,0.76,0.63,0.34,0.66,0.36
0,0,1,1,0,0,0,0,1,0,3667964.536,0.38,0.41,0.31,0.51,0.31,0.34,0.23,0.32,0.33,0.43,0.63,0.72,0.38,0.41,0.39,0.35,0.39,0.36
1,0,0,1,0,0,1,0,0,1,0,0.34,0.41,0.23,0.28,0.78,0.3,0.29,0.31,0.26,0.32,0.28,0.38,0.25,0.29,0.32,0.25,0.51,0.36
0,0,1,1,0,0,1,0,0,0,13435180.4,0.35,0.3,0.35,0.28,0.48,0.28,0.75,0.37,0.25,0.38,0.63,0.72,0.3,0.41,0.34,0.34,0.34,0.36
0,0,1,1,0,0,0,1,0,0,0,0.46,0.36,0.42,0.51,0.82,0.34,0.75,0.32,0.33,0.42,0.78,0.71,0.3,0.76,0.63,0.34,0.66,0.36
1,0,0,1,0,0,1,0,0,0,0,0.46,0.33,0.78,0.3,0.51,0.28,0.75,0.33,0.28,0.43,0.78,0.52,0.3,0.76,0.63,0.34,0.66,0.36
0,1,0,1,0,0,0,0,1,0,333332.1672,0.38,0.41,0.6,0.51,0.48,0.28,0.75,0.32,0.31,0.43,0.63,0.72,0.38,0.41,0.39,0.35,0.39,0.36
0,0,1,0,1,0,1,0,0,0,1743493.142,0.43,0.32,0.34,0.3,0.46,0.42,0.69,0.42,0.35,0.42,0.47,0.64,0.5,0.64,0.39,0.43,0.51,0.36
1,0,0,0,1,0,0,0,1,0,1706820.566,0.29,0.33,0.34,0.31,0.32,0.31,0.75,0.37,0.29,0.43,0.63,0.72,0.3,0.41,0.39,0.34,0.39,0.36
1,0,0,1,0,0,1,0,0,1,0,0.54,0.36,0.31,0.51,0.31,0.34,0.23,0.32,0.33,0.42,0.23,0.64,0.41,0.64,0.39,0.43,0.51,0.36
1,0,0,1,0,0,0,0,1,0,4799997.368,0.34,0.37,0.23,0.3,0.78,0.28,0.29,0.33,0.26,0.32,0.28,0.38,0.25,0.29,0.32,0.25,0.51,0.36
1,0,0,0,1,0,1,0,0,0,0,0.34,0.37,0.23,0.3,0.78,0.28,0.29,0.33,0.26,0.32,0.28,0.38,0.25,0.29,0.32,0.25,0.51,0.36
0,0,1,0,0,1,0,1,0,0,0,0.37,0.41,0.29,0.3,0.78,0.3,0.75,0.31,0.31,0.38,0.6,0.64,0.25,0.64,0.34,0.25,0.34,0.36
1,0,0,1,0,0,0,0,1,0,0,0.37,0.41,0.34,0.31,0.32,0.31,0.29,0.31,0.29,0.32,0.28,0.38,0.3,0.29,0.32,0.34,0.51,0.36
1,0,0,0,1,0,1,0,0,0,0,0.5,0.76,0.31,0.51,0.31,0.34,0.69,0.32,0.33,0.42,0.47,0.64,0.25,0.64,0.39,0.25,0.51,0.36
0,0,1,1,0,0,0,0,1,0,0,0.34,0.41,0.23,0.28,0.78,0.3,0.29,0.31,0.26,0.32,0.28,0.38,0.25,0.29,0.32,0.25,0.51,0.36
0,0,1,1,0,0,0,0,1,0,835427.468,0.37,0.32,0.28,0.3,0.24,0.43,0.23,0.41,0.25,0.42,0.23,0.64,0.41,0.64,0.39,0.43,0.51,0.36
0,0,1,1,0,0,0,0,1,0,0,0.34,0.3,0.23,0.28,0.78,0.28,0.75,0.33,0.26,0.32,0.6,0.38,0.25,0.64,0.34,0.25,0.51,0.36
1,0,0,1,0,0,1,0,0,0,0,0.34,0.32,0.23,0.3,0.46,0.3,0.69,0.25,0.28,0.42,0.47,0.64,0.25,0.64,0.39,0.25,0.51,0.36
0,1,0,0,1,0,1,0,0,0,0,0.27,0.31,0.34,0.51,0.31,0.34,0.69,0.32,0.29,0.42,0.47,0.64,0.28,0.64,0.39,0.26,0.51,0.36
0,1,0,1,0,0,1,0,0,0,0,0.37,0.41,0.29,0.3,0.78,0.3,0.75,0.31,0.31,0.32,0.6,0.38,0.3,0.64,0.34,0.34,0.51,0.36
0,0,1,0,1,0,0,0,1,0,0,0.27,0.31,0.34,0.28,0.32,0.31,0.69,0.26,0.29,0.42,0.47,0.64,0.28,0.64,0.39,0.26,0.51,0.36
0,1,0,1,0,0,0,1,0,1,208890.061,0.27,0.31,0.31,0.51,0.31,0.34,0.23,0.32,0.29,0.43,0.63,0.72,0.28,0.41,0.39,0.26,0.39,0.36
0,0,1,1,0,0,1,0,0,0,1399492.794,0.27,0.31,0.29,0.51,0.31,0.34,0.23,0.32,0.31,0.42,0.23,0.64,0.28,0.64,0.39,0.26,0.51,0.36
1,0,0,1,0,0,0,0,1,0,63463.79826,0.5,0.76,0.62,0.31,0.45,0.31,0.29,0.33,0.29,0.32,0.28,0.38,0.3,0.29,0.32,0.34,0.51,0.36
1,0,0,0,1,0,0,0,1,0,435956.1944,0.34,0.33,0.34,0.31,0.32,0.31,0.75,0.32,0.29,0.38,0.6,0.64,0.3,0.64,0.34,0.34,0.34,0.36
1,0,0,1,0,0,0,1,0,0,0,0.54,0.76,0.3,0.32,0.46,0.56,0.69,0.41,0.39,0.42,0.47,0.64,0.39,0.64,0.39,0.43,0.51,0.36
0,0,1,0,1,0,1,0,0,1,0,0.38,0.41,0.6,0.32,0.48,0.28,0.75,0.32,0.31,0.43,0.63,0.72,0.38,0.41,0.39,0.34,0.39,0.36
0,0,1,0,1,0,0,1,0,1,959593.4284,0.37,0.41,0.29,0.3,0.78,0.3,0.75,0.31,0.31,0.38,0.6,0.64,0.25,0.64,0.34,0.25,0.34,0.36
1,0,0,0,1,0,1,0,0,0,1710583.653,0.34,0.36,0.55,0.51,0.43,0.34,0.52,0.32,0.33,0.45,0.41,0.64,0.3,0.43,0.41,0.34,0.47,0.36
0,0,1,0,0,1,0,0,1,0,0,0.37,0.41,0.35,0.28,0.78,0.3,0.75,0.37,0.31,0.38,0.6,0.64,0.25,0.64,0.34,0.25,0.34,0.36
0,0,1,0,0,1,0,0,1,0,0,0.35,0.3,0.34,0.28,0.32,0.31,0.75,0.37,0.26,0.38,0.6,0.64,0.3,0.64,0.34,0.34,0.34,0.36
1,0,0,0,1,0,1,0,0,0,2768609.14,0.34,0.32,0.31,0.51,0.31,0.34,0.69,0.32,0.33,0.42,0.47,0.64,0.3,0.64,0.39,0.34,0.51,0.36
0,0,1,0,1,0,0,1,0,0,0,0.29,0.33,0.34,0.31,0.32,0.31,0.69,0.32,0.29,0.42,0.47,0.64,0.3,0.64,0.39,0.34,0.51,0.36
0,0,1,1,0,0,0,0,1,0,4390115.768,0.38,0.3,0.42,0.28,0.82,0.28,0.75,0.37,0.31,0.43,0.78,0.68,0.3,0.69,0.63,0.34,0.68,0.36
1,0,0,0,1,0,0,0,1,0,0,0.29,0.32,0.34,0.31,0.32,0.42,0.69,0.42,0.35,0.42,0.47,0.64,0.5,0.64,0.39,0.43,0.51,0.36
1,0,0,0,1,0,1,0,0,0,313134.286,0.29,0.33,0.34,0.31,0.67,0.31,0.59,0.37,0.29,0.42,0.6,0.83,0.3,0.74,0.34,0.34,0.34,0.36
0,1,0,0,1,0,0,1,0,0,1065927.338,0.29,0.76,0.34,0.31,0.32,0.56,0.69,0.41,0.39,0.42,0.47,0.64,0.39,0.64,0.39,0.43,0.51,0.36
1,0,0,1,0,0,0,0,1,0,0,0.37,0.41,0.35,0.28,0.78,0.3,0.75,0.37,0.31,0.38,0.6,0.64,0.25,0.64,0.34,0.25,0.34,0.36
0,0,1,1,0,0,0,1,0,0,0,0.83,0.76,0.88,0.93,0.78,1,0.83,0.83,0.78,0.88,0.88,0.93,0.83,0.93,1,0.6,0.83,0.88
0,0,1,0,1,0,0,0,1,0,0,1,0.71,0.93,0.93,1,1,0.93,0.93,0.83,0.93,0.93,0.93,0.3,0.93,1,0.68,0.88,0.83
0,0,1,1,0,0,0,0,1,0,0,0.83,0.76,0.88,0.93,0.78,1,0.83,0.83,0.78,0.88,0.88,0.93,0.83,0.93,1,0.6,0.83,0.88
0,0,1,1,0,0,0,0,1,0,0,0.83,0.76,0.88,0.93,0.78,1,0.83,0.83,0.78,0.88,0.88,0.93,0.83,0.93,1,0.6,0.83,0.88
1,0,0,1,0,0,0,0,1,0,0,0.83,0.76,0.88,0.93,0.78,1,0.83,0.83,0.78,0.88,0.88,0.93,0.83,0.93,1,0.6,0.83,0.88
1,0,0,1,0,0,0,1,0,1,0,0.93,0.71,1,0.93,0.78,1,0.93,1,0.83,0.93,0.93,0.93,0.3,0.93,0.79,0.68,0.88,0.83
1,0,0,0,1,0,0,1,0,0,0,0.83,0.76,0.88,0.93,0.78,1,0.83,0.83,0.78,0.88,0.88,0.93,0.83,0.93,1,0.6,0.83,0.88
0,0,1,1,0,0,0,0,1,0,0,0.83,0.76,0.88,0.65,1,1,0.93,0.69,0.78,0.93,0.88,0.65,0.83,0.93,0.93,0.6,0.83,0.84
1,0,0,0,0,1,1,0,0,1,415744.7986,0.93,0.76,0.88,0.93,1,1,0.93,0.93,0.71,0.93,0.88,0.93,0.83,0.93,1,0.6,0.93,0.88
0,0,1,0,1,0,0,1,0,0,0,0.93,0.76,1,0.93,0.93,1,0.93,1,0.71,1,1,0.93,0.83,0.93,1,0.6,0.93,0.88
0,0,1,0,1,0,0,1,0,0,0,0.93,0.76,0.88,0.93,1,1,0.93,0.93,0.71,0.93,0.88,0.93,0.83,0.93,1,0.6,0.93,0.88
1,0,0,1,0,0,0,0,1,0,1508549.237,0.83,0.76,0.88,0.93,0.78,1,0.83,0.83,0.78,0.88,0.88,0.93,0.83,0.93,1,0.6,0.83,0.88
1,0,0,0,1,0,0,1,0,0,2048687.722,0.83,0.76,0.88,0.93,0.78,1,0.83,0.83,0.78,0.88,0.88,0.93,0.83,0.93,1,0.6,0.83,0.88
1,0,0,0,1,0,0,0,1,0,0,0.83,0.76,0.88,0.93,0.78,1,0.83,0.83,0.78,0.88,0.88,0.93,0.83,0.93,1,0.6,0.83,0.88
0,1,0,1,0,0,0,0,1,0,0,0.93,0.71,1,0.93,0.78,1,0.93,1,0.83,0.93,0.93,0.93,0.3,0.93,0.79,0.68,0.88,0.83
0,0,1,1,0,0,0,1,0,0,0,0.93,0.76,0.88,0.93,1,1,0.93,0.93,0.71,0.93,0.88,0.93,0.83,0.93,1,0.6,0.93,0.88
0,0,1,1,0,0,0,0,1,0,7433302.863,0.83,0.76,0.88,0.93,0.78,1,0.83,0.83,0.78,0.88,0.88,0.93,0.83,0.93,1,0.6,0.83,0.88
